lil.bet,True,True
avtomati-bonusi.website,True,True
www.film.ru,True,False
rulet.tv,True,True
poki.com,True,True
doramaland.plus,True,None
www.livescore.ru,True,True
www.thespike.gg,True,True
play.crazypandagames.com,True,True
chatruletka.online,True,True
casino-playfortunal068g.com,True,True
bikbot.ru,True,True
ru.kinorium.com,True,True
7k628.casino,True,False
freesoft.ru,True,True
www.livecup.run,True,True
fokusotmoryaka.ru,True,True
adal-stroy.kz,True,False
www.3-8d.ru,True,True
ru.boardgamearena.com,True,True
www.pravenc.ru,True,True
kk.inditics.com,True,True
blog.olx.kz,True,True
ruletka77uzbekistan.com,True,True
proprognozy.ru,True,True
coinrush.org,True,True
tgventureacquisition.com,True,True
zoon.kz,True,True
trackingbet.ru,True,True
pokercalendar.asia,True,True
casino-frank.casino,True,None
emirsaba.org,True,True
mp3saw.cc,True,True
www.bybit.com,True,None
lmu.kz,True,True
slotozalzone.com,True,False
bel.ru,True,True
lordfilm.ai,True,False
spin-the-wheel.net,True,True
31olimp.com,True,True
igoviebonusi6.website,True,None
journal.tokenspot.com,True,True
skladchina24.ru,True,True
www.line2life.ru,True,True
dota2lounge.com,True,True
plus.yandex.ru,True,True
tlgbot.ru,True,True
ubet.kz,True,None
loterei.ru,True,True
zonafilm.ru,True,True
zhanaqorgan-tynysy.kz,True,True
1xbet-ony.top,True,True
gamegauntlets.com,True,True
dic.academic.ru,True,True
keyodds.com,True,True
odnorukiybandit.pw,True,None
forum.bits.media,True,True
www.windrawwin.com,True,False
banana.by,True,True
glavelectric.ru,True,True
vprognoze.by,True,True
casinos-golden-official.casino,True,True
kk.birmiss.com,True,True
kk.everaoh.com,True,True
godotmarketplace.com,True,True
callmechat.com,True,True
csgolounge.com,True,True
gizbo.casino,True,None
cafecasino.click,True,True
wulkanroyal.net,True,False
spinbetter.space,True,True
aviso.bz,True,True
tarazsmartcity.kz,True,True
omegle.cc,True,True
vulkanrussia-official.top,True,False
amazing-online.com,True,True
www.studydocx.ru,True,True
icq.com,True,True
1cupis.ru,True,True
3.shkolkovo.online,True,True
greenmile.ru,True,True
omegle.cm,True,True
mosttechs.com,True,True
www.city04.kz,True,True
1xbet02.top,True,True
studopedia.su,True,True
kk.svayambhava.org,True,True
7k504.casino,True,False
ru.strp.chat,True,False
begemot.ai,True,True
mtdi.kz,True,True
render.ru,True,True
igrovue-avtomatu.top,True,None
xn--80adgen2b3a2b.xn--80asehdb,True,True
booi-casino-lhd.buzz,True,False
vulkankazinoigrovye-hcl.top,True,True
crazyhairdresser.ru,True,None
gw-utils.ru,True,True
www.kinopoisk.ru,True,True
www.vostokcasino32.com,True,True
slidemodel.com,True,True
casinorates-rus.online,True,False
www.adidas.com,True,False
bushgrafts.com,True,True
bitz-casino.io,True,True
1xbet-kmjn.top,True,True
www.braintools.ru,True,True
cazinologins-plays.ru,True,True
1xbet-tgnf.top,True,None
rp5rp.mrjin.pro,True,True
xn--80aodfsg.xn--80ao21a,True,True
best-promo-code.ru,True,True
jozz-casino-wlz.top,True,True
videochatplanet.com,True,True
nv.kz,True,True
www.alucare.fr,True,False
slidesgo.com,True,True
telegrator.ru,True,True
betlab.club,True,True
www.valuewalk.com,True,False
www.milliyet.com.tr,True,True
ipsworg.com,True,True
2ch.hk,True,True
e-islam.kz,True,True
demohd.com,True,True
cryptolab.one,True,True
500casino.com,True,False
wooordhunt.ru,True,True
ukdevilz.com,True,False
ruletkanadengi.site,True,False
topdogfc.ru,True,True
www.skisport.ru,True,True
zacbrowser.app,True,True
vulkanelit.business,True,False
juegocasa.com,True,True
www.jw.org,True,None
1xbet-pfar.top,True,None
riapark.ru,True,True
sarapshy.info,True,True
betslive.ru,True,True
dinorunner.com,True,True
character.ai,True,True
alash.kz,True,True
www.partypoker.de,True,False
kk.psychologosportal.com,True,True
bukmekerystavki.net,True,True
7k460.casino,True,False
betandreascasino-kz.com,True,True
sdonna.ru,True,True
vgtimes.com,True,True
kg.2markers.com,True,True
r7bonus.ink,True,True
www.playground.ru,True,True
gamacazino-bvh.buzz,True,False
slottica191.com,True,True
moonback.ru,True,True
bezdepoff.com,True,None
wvstavke.ru,True,True
1xbet-egkm.top,False,None
odnorukiy-bandit-online.net.ru,True,True
casbonusii3.fun,True,True
nastavleniya.ru,True,True
banzaybet77.caz.casino,True,None
1xbet-ro1d.top,False,None
www.playpokergo.com,True,True
solcasino3035.com,True,False
www.gametwist.com,True,None
ezcash54.casino,True,True
www.guitar.by,True,True
zko-inspekciya.kz,True,True
ranking.kz,True,True
apkfab.com,True,True
gwxs62x.life,True,True
zonebitcoin.co,True,True
bonnieandslide.com,True,True
4brain.ru,True,True
casino-ra80.com,True,None
tool-tube.com,True,True
planpokera.com,True,True
betio.ru,True,True
www.rbtv77.food,True,True
rt.plus.rbc.ru,True,True
www.cryptowisser.com,True,True
pinup-app-kz.com,True,True
turniri-casinoo.fun,True,True
blackinento.com,True,True
bet-hot.xyz,True,True
1xbet-wytz.top,True,True
sider.ai,True,False
kk.wikial.top,True,True
bbonus1.kz,True,None
casinobanda.icu,True,None
www.mintdice.com,True,True
championsslotss.com,True,False
tolqyn.kz,True,True
hawk.live,True,True
kasino-dengi.site,True,None
ppcpoker.net,True,True
forum.kryptex.com,True,True
daddycasino.org,True,True
y6.zona.plus,True,True
ems.chel-meteor.ru,True,True
fotostrana.ru,True,True
qazscience.kz,True,None
svsport.net,True,True
101android.ru,True,True
online-red.me,True,True
1xbet-axx.top,True,None
roxcasino1299.com,True,False
bonus-top4.fun,True,True
7k588.casino,True,False
aniq.uz,True,True
eqsash.com,True,True
nvtips.com,True,True
casino-playfortunapy435y.com,True,True
rukazinotop.com,True,True
lex-casino9005.com,True,False
ohmyluck.com,True,True
sportreytingi.uz,True,True
pineappleofcpoker.raccoons.lv,True,True
www.deepwebsiteslinks.com,True,True
qazaly.kz,True,True
slotcatalog.com,True,False
interteam.com.ua,True,True
betmax.ru,True,True
www.min2win.ru,True,True
elektrik-a.su,True,True
www.highstakes.com,True,None
bezdepoclub.com,True,None
onlinepokergamblingreviews.com,True,True
1xbet-haxf.top,True,True
booi-casino2024.online,True,True
www.td-scs.ru,True,True
stroyday.ru,True,True
admin.bkogov.kz,True,True
fomb.kz,True,True
dalanews.kz,True,True
www.slotsandbets.com,True,None
mat-ege.ru,True,True
evo-cars.com,True,True
aimojo.io,True,True
www.pogo.com,True,True
experience.tripster.ru,True,False
pokerpatio.com,True,True
jozz-casino-bye.buzz,True,False
otzovik.com,True,True
slivoff.com,True,True
spinbetter.cash,True,True
dengistrahovki.ru,True,False
kk.sportsfootball.site,True,True
www.bestbitcoincasinos.net,True,True
vidystavok.ru,True,True
kz.otyrar.kz,True,True
1xbet-tech11.top,True,None
cryptokazino.ru,True,True
cryptobotanika.ru,True,True
bezdepy.com,True,None
www.gameflare.com,True,False
stavrate.com,True,True
betandres-kz.com,True,True
no-deposits.club,True,True
casino-booi49vg8.com,True,None
eldoradocasino44.com,True,False
osken-onir.kz,True,True
dripcasino2003.com,True,False
casino-bonusik.site,True,True
playbookmaker.ru,True,True
omskpress.ru,True,True
joyo.gg,True,True
vulkanrussia-online.vip,True,None
betscsgo.vip,True,True
baribar.kz,True,True
stv39.ru,True,True
1xbet-solt.top,True,None
www.megadice.com,True,None
bk-spisok.ru,True,True
onlinecasinovolta.com,True,True
www.zyngapoker.com,True,True
casinobezdep4.space,True,None
hearthstone-game.top,True,True
tools-unite.com,True,True
www.livesports044.com,True,True
ru.omegla.tv,True,True
bitz.io,True,None
ru.pokerdiscover.com,True,True
online--roulette.ru,True,True
888.ru,True,True
clublevus.xyz,True,None
top-casino-online.info,True,None
sultangames666.com,True,True
1whwta.top,True,True
slottica204.com,True,True
million-online-games.icu,True,True
game-analytics.ru,True,True
ros.bongacams28.com,True,False
choice-helper.herokuapp.com,True,True
alice.yandex.az,True,True
pharaoncasino-official.vip,True,False
vulcan777-slots.sbs,True,None
ru.kda.live,True,True
betteam.pro,True,True
gabbe.ru,True,True
fruit-cocktails.ru,True,True
www.bezdeplist.fun,True,None
kk.eferrit.com,True,True
kzkkslots6.fun,True,True
jackpot-world.com,True,False
booi-casino-rtl.buzz,True,False
kk.periodicalfinance.com,True,True
stake1021.com,True,None
ru.whoscored.com,True,False
timelottery.ru,True,True
soltustikkaz.kz,True,True
gamemodpc.ru,True,True
www.championat.com,True,True
1xbet-tere.top,True,False
chicken-road-games.com,True,None
online-rostok.xyz,False,None
onvideochat.com,True,True
xn--80adbffu0a3ana.xn--p1ai,True,True
aqiqat.kazgazeta.kz,True,True
slotticacasino.online,False,None
betcscgo.one,True,True
cpalenta.ru,True,True
slots-game.site,True,True
1xbet-igq.top,True,None
1-winkasino-frispiny.net.ru,True,True
1xbet-eas.top,True,None
e-almet.ru,True,True
brodude.ru,True,True
daryn.online,True,True
encyclopedia.mil.ru,True,None
daddycasino-suv.top,True,True
halyqline.kz,True,True
vulkanroyal.pro,True,False
www.yaplakal.com,True,False
touransky.wixsite.com,True,False
www.1001games.com,True,True
www.casinonewsdaily.com,True,True
www.anyrec.io,True,True
lev-online.kz,True,None
www.slideegg.com,True,True
freespins.pp.ru,True,True
ru.wps.com,True,True
kazgazeta.kz,True,True
ru.camgo.com,True,False
phd.edu.pl,True,None
salda.ws,True,True
muzick.info,True,True
qazaqjoly.kz,True,True
ru.chatrandom.com,True,False
13games.ru,True,True
farabishakirti.kz,True,True
bezdepozzit.site,True,True
azar.chat,True,True
1xbet-yljbz.buzz,True,False
world-nan.kz,True,True
loot-run.org,True,True
e-schneider.ru,True,True
bspin.io,True,False
1-xbet0001267.top,True,True
www.kinomania.ru,True,True
kk.vogueindustry.com,True,True
poker-poker-dom.kz,True,True
qazaqstan.tv,True,True
zbs.bet,True,True
tanksblitz.org,True,True
apkpure.com,True,False
anatili.kazgazeta.kz,True,True
doramaline.tv,True,None
ru.m.wikipedia.org,True,True
old-slots.pw,True,True
booi-casino-ach.buzz,True,False
shagle.com,True,False
www.ixbt.com,True,True
1xbet-bmeh.top,True,True
zenit.win,True,True
nftevening.com,True,True
iconscout.com,True,True
only2.chat,True,True
www.chipdip.kz,True,True
tengrinews.kz,True,True
www.kalashnikov.ru,True,True
onpokergame.net,True,True
www.last.fm,True,True
www.maximonline.ru,True,True
studme.org,True,True
finswin.com,True,True
sportrbc.ru,True,True
lions-lowstakes.top,True,True
antipotok.ru,True,True
thelastgame.ru,True,True
nodepositbonusmaster.net,True,None
www.yapfiles.ru,True,True
cryptocasinos.com,True,True
kk.delachieve.com,True,True
crazy-monkey.bet,True,True
wotexpress.info,True,True
astanagenplan.kz,True,False
aqjolgazet.kz,True,True
dinodrop.io,True,True
bitcoincasinosreviews.com,True,True
1xbet-irsm.top,True,True
kz.bombay.kz,True,True
bizneszarabotok.ru,True,True
1000primerov.net,True,True
jackpot-vip-slot.com,True,True
www.websmi.by,True,True
smartstavka.ru,True,True
latestcasinobonuses.su,True,True
rt.chatruletka.cam,True,True
aviator-game.online,True,None
cable.ru,True,True
stripem.com,True,True
slottica209.com,True,True
prognoz-telegram.ru,True,True
www.ccn.com,True,False
kushvsporte.ru,True,False
vas-skynet.ru,True,True
bet24.ru,True,True
evgenykatyshev.ru,True,True
bitcoinvisuals.com,True,True
bookmaker-russia.ru,True,True
www.videvo.net,True,False
m.youkelai.com,True,True
1xbet.com.zm,True,None
casino-playfortuna1l7j.com,True,None
www.egt.com,True,True
booi-rush.buzz,True,True
slotowin002.top,True,True
lotopobeda.livejournal.com,True,True
izzicasino1055.com,True,False
store.epicgames.com,True,False
chat-online.com.ru,True,True
www.atptour.com,True,False
www.facebook.com,True,None
www.racypoker.com,True,True
32bez-depov.site,True,True
luchshie-kazino12.ru,True,None
www.todayifoundout.com,True,True
cjr7pokerdom.com,True,None
kz.nesrakonk.ru,True,True
jozz-casino-g.buzz,True,False
qulantany.kz,True,True
www.randomhq.com,True,True
videochat-ruletkaru.ru,True,True
apktake.com,True,True
dirtyroulette.com,True,False
apkshki.com,True,False
risunki-kletochki.ru,True,True
asisg.ru,True,True
gamervipclub.org,True,True
jozz-casino-wur.buzz,True,False
videochatruletka.com,True,True
on-bet.ru,True,True
colorswall.com,True,True
1xbet-wims.top,True,None
casino-ra74.com,True,None
miniigri.net,True,True
1x-bet495437.world,True,True
bonustop.fun,True,None
www.referat911.ru,True,True
nomadcasino24.kz,True,True
solcasino2062.com,True,False
geoim.ru,True,False
lotobar.com.ua,True,None
24vulcan.win,True,None
vtb-league.com,True,True
slot06ru.opole.pl,True,True
znakomstva-s-inostrantsami.ru,True,True
kk.unansea.com,True,True
yookassa.ru,True,True
cross.bet,True,True
1x-bet74405.world,True,True
www.xbox.com,True,True
betera.by,True,False
lotozal.bet,True,True
gdenakhoditsya.com,True,True
av.by,True,True
omfab.ru,True,False
n1bet.com,True,True
banda226.buzz,True,None
melbet.com,True,None
towerrushgalaxsys.com,True,True
pragmatic-play.su,True,False
fokus.artlebedev.ru,True,True
liveinvestgroup.ru,True,True
aifarm-bots.com,True,True
btcplaymania.com,True,None
begoodtool.com,True,True
booi-casino-hip.buzz,True,False
www.footboom1.com,True,False
military.wikireading.ru,True,True
vulkan-free-spins.online,True,True
pariexp.com,True,True
old.ivo.unn.ru,True,True
slotozallplay.com,True,False
1xbet-tvqv.top,True,None
ratingcazinoxa6.ru,True,True
play-pokerrussia.ru,True,True
vulkan-king.business,True,False
ernur.kz,True,True
weenax.com,True,True
cybercoinscasino.com,True,True
comfex.ru,True,True
herzena.ru,True,True
casinopokerstavki.com,True,True
www.arkadium.com,True,True
look.tm,True,True
gizbo-casino8.com,True,False
pocarrteam.com,True,False
noname.chat,True,True
chas-pic-lordfilm.ru,True,True
1xbet-toui.top,False,None
slotfreebies.com,True,True
www.vidizzy.com,True,True
www.rd-forum.ru,True,True
www.casinozforum.biz,True,True
10.doramatv.one,True,False
www.youtube.com,True,True
lordseriala.life,True,True
kaz.arbatmedia.kz,True,True
games.netent.com,True,True
casinovulkan-online.biz,True,False
exchange.safe-poker.io,True,True
pokeristby.ru,True,True
free-spin.ru,True,True
igraruletkadengi.space,True,False
bestsport365.ru,True,True
www.topdoc.kz,True,True
b2b.house,True,True
www.oinet.kz,True,True
starda.casino,True,None
qarmaqshy-tany.kz,True,True
chulok.shop,True,False
slotscazino-plays.ru,True,True
jetcasino908.com,True,False
www.solidsmack.com,True,True
emdigital.ru,True,True
kino.mail.ru,True,True
cat-casino-xgw.top,True,False
www.forbes.ru,True,True
vulkanigrat-na2co3.top,True,True
tipkiller.com,True,True
www.middlepair.com,True,None
miningmoon.ru,True,True
luckforfree.com,True,True
kk.hobbygaiety.com,True,True
islam.kz,True,True
www.cy-pr.com,True,True
www.pokerandbusiness.ru,True,True
nablagoe.com,True,False
bitcoincasinokings.com,True,False
poiski.pro,True,True
znanija.com,True,False
matcool.github.io,True,True
rukraken.com,True,True
pokerdom-jkl64.casino,True,None
academypoker.ru,True,True
vegasgrand-casino.ru,True,True
booi-casinosm.buzz,True,False
stake.games,True,False
booi-6lz1.buzz,True,True
cycyron.livejournal.com,True,True
f1casino31.club,True,True
uaqyt.kz,True,True
bukmekery-online.ru,True,True
bkinfo.by,True,None
telegramm-casino.com,True,None
erketai.kz,True,True
emtihan.kz,True,True
nablagoe.xyz,True,True
www.casinoguide.co.uk,True,True
tocrypto.ru,True,True
kk.how-what-advice.com,True,None
slideai.net,True,True
www.gov.kz,True,True
lenta.ru,True,True
fonar.tv,True,True
screenstudio.ru,True,True
www.soccervista.com,True,True
taishancastors.ru,True,True
fortune.gagikpog.ru,True,True
legkayaeda.com,True,True
cardgames.io,True,True
betzona.ru,True,True
landofgames.ru,True,True
1xbet-s5ya.top,True,None
spincity-casino.org,True,True
jackpot-finlands.cyou,True,None
www.equipnet.ru,True,True
pereborom.ru,True,True
www.kinoafisha.info,True,True
gizbo-casino901.com,True,False
www.globalbrandsmagazine.com,True,True
cazinobonus-2025.ru,True,True
en.wikipedia.org,True,True
presium.pro,True,True
www.win-poker.ru,True,True
kk.modern-info.com,True,True
1xbetuz.org,True,None
coinmasterspinn.com,True,True
www.stud24.ru,True,True
lcb.org,True,True
hdrezka.ag,True,True
1xbet-tumr.top,True,True
play-wulkan-money.net,True,None
dosaafvlg-kotovo.ru,True,True
club-vulkan-online.click,True,False
1gocasino403.com,True,False
netgaming.com,True,True
maxline.by,True,True
www.strategium.ru,True,False
slovaronline.com,True,None
vulkancash.site,True,None
casinofavorits.com,True,True
betz.su,True,True
freshcasino1267.com,True,False
muslim.kz,True,True
fastpayoutcasino.com,True,True
fujiclub.pro,True,False
uno-online.io,True,True
tilalemi.kz,True,True
winline.by,True,True
beting-rating.ru,True,True
moretraveler.com,True,True
kometa5195.buzz,True,True
bitcoinplay.net,True,True
minebuild.ru,True,False
piemuseum.ru,True,True
booi-casino-ofa.buzz,True,False
lootqr.run,True,None
hedonskateblog.com,True,True
gmslots-kasino.biz,True,False
kk.reoveme.com,True,True
internetboss.ru,True,True
www.kino-teatr.ru,True,True
lordfilmi34.cc,True,None
freespinswin.com,True,True
bets4.org,True,True
latestcasinobonuses.bet,True,False
vdorame.net,True,None
stenokras.ru,True,True
chat-roulette.ru,True,True
video-chatroulette.ru,True,True
videochat.gipnomag.ru,True,True
1xbet-mg6.top,True,True
slotscity.ua,True,False
bezdepcasino777.com,True,True
izzicasino1116.com,True,False
bezdep-bonus.ru,True,None
www.vseinstrumenti.ru,True,False
1win-poker.ru,True,False
1xbet-i8.top,True,True
sputnik.kz,True,True
dorama-online.ru,True,True
pokerdom17.me,True,True
eurostavka.ru,True,True
zarabonline.ru,True,True
vulkanonlineigrovye-c18h36o2.top,True,True
footballufo.ru,True,True
ratings-casino-fhj4.buzz,True,None
rulet.chat,True,True
speletajiem.com,True,None
spin4free.club,True,True
infogram.com,True,True
qazaq-el.narod.ru,True,True
online.raiffeisen.ru,True,True
global.parimatch.com,True,False
www.iphones.ru,True,True
1xbet-rddb.top,True,None
wheeldecide.com,True,True
gdladder.com,True,True
stardacasino311.com,True,False
vk.com,True,False
ruletka-na-dengi.online,True,True
bezdepozitka1.top,True,True
legzocasino7017.com,True,False
flyboard-forum.ru,True,True
newspoker.ru,True,True
chipy.com,True,None
vending-machine.top,True,False
www.uzbekbet.com,True,True
cazinotopbonus.ru,True,True
ruletka-random.ru,True,True
flers-casinos.top,True,None
bezdep-wiki.club,True,None
service-online.su,True,True
howtogame.ru,True,True
scores24.live,True,True
maxslotszerkalo.pro,True,False
dorama.land,True,True
modeland.me,True,False
pekarstas.com,True,True
jasqazaq.kz,True,True
lepcasino.com,True,None
vfokuse.mail.ru,True,True
1xbet-lkmh.top,True,True
1xbet-qye.top,True,None
www.avtoradio.ru,True,True
russia.chatroulettea.chat,True,True
znaet.petrovich.ru,True,True
my-wmmail.ru,True,True
www.pokerclubgame.com,True,True
banda-kazino.site,True,True
adilet.zan.kz,True,None
dit7pokerdom.com,True,None
nft23.space,True,True
xn--80ajnbgldbcgo.xn--p1ai,True,True
maxslotszerkalo.org,True,False
bookmaker-ratings.ru,True,True
mods-gamer.ru,True,True
vulkanrussia-casino.top,True,False
otradnoeford.ru,True,True
22luckybonus-ru.xyz,True,False
pravoslavnaya.academic.ru,True,True
zojov.gotripgo.ru,True,None
politoboz.com,True,True
gamaverse.ru,True,True
trashbox.ru,True,True
vulkanavtomatybesplatno-c8h10n4o2.top,True,True
old-casino24.buzz,True,True
jack-playcard.com,True,True
jetcasino415.com,True,False
bonusbezdepozita2.ru,True,True
bonusbezdep.site,True,True
coincodecap.com,True,True
degdar-news.kz,True,True
www.nodepositexplorer.com,True,True
pm.by,True,True
xn--h1adgzc.xn--p1ai,True,True
1xbet-lyn.top,False,None
www.pokerstars.com,True,False
slides.google.com,True,True
pragmatic-provider.site,True,True
7k560.casino,True,False
1xbet-livg.top,True,None
sport.totogaming.am,True,False
twinspin.ru,True,True
1xget.com,True,None
windice.org,True,True
gamacasino-rbs.top,True,True
pppoker.pro,True,True
ibmm.ru,True,True
www.betsson.kz,True,True
ryletkasvyvodom.xyz,True,False
www.pinnacle.com,True,None
elements.envato.com,True,None
oooalbatros.ru,True,True
1xbetmd.com,True,None
bookmakersmobile.ru,True,True
www.mylottoguide.com,True,True
dollarvictory.xyz,False,None
whatwood.ru,True,True
wostokbiznet.net,True,True
www.presentations.ai,True,True
wild-kazino.kz,True,False
oficialnoecasino.com,True,True
matchstat.com,True,False
www.visme.co,True,True
lala.bet,True,False
www.livescore.com,True,True
coinlib.io,True,False
1xbet-lk16.online,True,None
blzbetscasino.com,True,True
28bezdepobonus.site,True,True
gufo.me,True,False
novostivolgograda.ru,True,True
kazinokaralis.com,True,True
roulette77.us,True,True
cscase.io,True,None
b26ptz1783.com,True,False
only2chat.com,True,True
windice1.io,True,None
airbet.ru,True,True
kerekinfo.kz,True,True
bankiros.ru,True,True
shkolasanchursk-r43.gosweb.gosuslugi.ru,True,True
7vaz.ru,True,True
oformiteluz.online,True,True
hd8.22lordfilm.fun,True,None
rus-gos.spbu.ru,True,True
1xbet-j87yu.top,True,False
liverouletter.ru,True,True
creati.ai,True,None
vulkan-nadengi.org,True,False
qazaq1913.com,True,True
roxcasino760.com,True,False
www.pocketgamer.com,True,True
xn----ctbgdc2bfgcb2ax3c.xn--p1ai,True,True
premier.one,True,True
score.ru,True,True
twitter.com,True,False
bezdep18.fun,True,False
jozz-casino-itg.buzz,True,False
madeniportal.kz,True,True
admin.yandex.ru,True,True
chatroulette-777.com,True,True
1xbet-mji.top,True,None
1xbet-wu12.top,True,False
www.newgrounds.com,True,True
penalty.kz,True,True
topcasino.wiki,True,True
moneyvulkan.com,True,False
slidehotel.ru,True,True
slot-vcasino-go.top,True,True
ww25.bezdepozitnye-bonusy-kazino4.xyz,True,None
hotasic.ru,True,True
casinolatvia.com,True,True
syrboyi.kz,True,False
chatroulette-love.com,True,True
clubvulkanking.pro,True,False
best-chatroulette.com,True,True
betting.team,True,True
casik.org,True,True
online.akbars.ru,True,True
viltech.ru,True,True
www.sharkscope.com,True,True
pokerproaff.com,True,True
profiles-vkontakte.ru,True,True
www.chess-online.com,True,True
vulkan24casino-online.pro,True,None
www.bitcoininsider.org,True,True
studopedia.info,True,True
36casinobezdepozita.site,True,False
casinopulse.club,True,None
prime-bet.ru,True,True
bez-depoff.ru,True,True
videochatka.com,True,True
betforum.ru,True,True
www.slotjar.com,True,False
slang.su,True,True
havemoney.guru,True,True
bierdenyakima.com,True,True
bet-hub.com,True,True
www.livescore.in,True,True
smartgambling.ru,True,True
makeupgames.ru,True,False
azart-games.fun,True,True
qna.habr.com,True,True
game.bigpok.ru,True,True
www.novosti-casino.space,True,None
pragmatic-play.store,True,True
slottica215.com,True,True
mimshacks.com,True,True
v1.skladchik.org,True,True
itest.kz,True,True
beepbeepcasino28.com,True,True
www.livescorebet.com,True,True
rt.xn--80a1afkx7a.com,True,True
7k61.casino,True,False
1xbet-mg4.top,True,False
video-chat.live,True,True
igrovye-avtomaty-5000.org.ru,True,True
1xbet-smcm.top,False,None
1xbet-rke.top,True,None
medqaz.com,True,True
slotsprofitwin.ru,True,True
chelseablues.ru,True,True
aqjaiyqtv.kz,True,True
www.template.net,True,True
booi-3f2z.top,True,True
lex-casino8005.com,True,False
ortalyq.kz,True,True
spinthewheel.name,True,True
dragonlinesslot.com,True,True
freshcasino3026.com,True,False
lkalfabank.ru,True,False
topkazinobonus.com,True,True
xn--80aa1bwxf.xn--p1ai,True,True
www.bestbitcoincasino.com,True,False
kwork.ru,True,True
beepcas.com,True,None
www.elcn.ru,True,True
promokodi-frespinii.fun,True,True
slotozalcasino.net,True,False
da-net.online,True,True
www.plistingsrussia.com,True,True
resize-web.ru,True,True
martebe.kz,True,True
profinvestment.com,True,True
vita-t.kz,True,True
coinlive.io,True,True
www.bakumatsu.ru,True,True
ozlib.com,True,True
wm-port.com,True,True
1gocasino113.com,True,False
top-gamescasino.ru,True,True
casino-official.pro,True,False
nauchitsya.ru,True,True
multiurok.ru,True,True
movizor-info.ru,True,True
frontalgamer.com,True,True
m.ekaraganda.kz,True,True
wotpack.ru,True,True
igry-android.net,True,True
www.coincarp.com,True,True
squid-game.fandom.com,True,True
komekcenter.kz,True,True
betonmobile.ru,True,True
7k568.casino,True,False
bezdep-fresins1.fun,True,True
infall0ut.ru,True,True
www.casinogurus.org,True,True
ocpzaktobe.kz,True,True
sokolov.ru,True,True
vkjournal.ru,True,True
www.chatmatch.app,True,True
1xbet-iuek.top,True,True
solcasino3338.com,True,False
jelektrik.by,True,True
gmsdeluxesite.org,True,False
vulkanigratonline-c6h8o6.casino,True,True
kazinolivedealer.cloud,True,True
vulkan24online.pro,True,None
cenerg.ru,True,True
www.bitrue.com,True,True
casinofrispini.space,True,True
secretmag.ru,True,True
vavadasaaj.com,True,False
crypta.guru,True,None
africa.businessinsider.com,True,True
stavka.tv,True,True
sborsys.ru,True,True
1-xbet16.com,True,None
hi-tech.mail.ru,True,True
www.btcc.com,True,True
www.rki.today,True,True
218slottica.com,True,True
oddspedia.com,True,False
apc.x-poker.club,True,True
otvet.mail.ru,True,True
bitcoin.casino,True,None
avtoshkola-flagman.ru,True,True
1xbet-best1.top,True,None
vulcan-russia-freespins.xyz,True,True
gwvc45x.life,True,True
poker.ru,True,True
www.myshared.ru,True,None
gamacasino313.com,True,False
www.sports.ru,True,True
www.magicslides.app,True,True
online-go.com,True,True
kinovod090625.pro,True,None
trustdice.win,True,False
irwin.casino,True,None
aquariumhit.ru,True,None
www.avito.ru,True,True
footystats.org,True,True
winline.ru,True,True
stakeru8.com,True,False
ggym.ru,True,True
msk.yp.ru,True,True
mfa.ru,True,True
gama-casino-qff.top,True,False
rouletka.ru,True,True
genius.com,True,False
todayinfo.kz,True,True
rt.runetki.com,True,False
sts-kabel.ru,True,None
giftspin.ru,True,True
vulkan24casino.page,True,None
farabi.university,True,True
bonus-top2.fun,True,None
list-casino-pjs3.buzz,False,None
memepedia.ru,True,True
pokerok139.com,True,True
www.wsop.com,True,True
bookofra-official.com,True,True
ru.trip.com,True,True
klakla.ru,True,True
whatiswhat1.livejournal.com,True,True
nb-bet.com,True,True
uchi.ru,True,False
app.gtobase.com,True,True
7k164.casino,True,False
myata-mayakovskaya.ru,True,True
www.flashscorekz.com,True,True
gogov.ru,True,None
www.icolistingonline.com,True,True
betsafe-casino.com,True,True
readwrite.com,True,False
vostokcassino.com,True,True
roxcasino396.com,True,False
bezdep24.ru,True,None
imya.com,True,True
azh.kz,True,True
kaz.tengrinews.kz,True,True
vulkancasino8.xyz,True,None
slots5000.pw,True,True
7k22.casino,True,False
svschool.pro,True,True
list-vk.com,True,True
roxcasino-rs165.top,True,None
auto.drom.ru,True,True
glosbe.com,True,True
tastystrike.gg,True,True
www.slideshare.net,True,False
smartstands.ru,True,False
1xbet.moscow,True,None
ikaz.kz,True,None
booi-casino-zki.buzz,True,False
www.tradingview.com,True,True
bonpet.tech,True,True
hit-n-spin.org,True,True
www.eurojackpot.com,True,True
orshatut.by,True,True
jackpoker-ru.com,True,True
1xbet-blh.top,True,None
www.vbetftn.com,True,False
by.tribuna.com,True,False
casino-bitcoin-top.mobi,True,True
top-kasinos.site,True,None
ufra.com.ua,True,True
runetki-live.ru,True,True
vulcan24-zerkalo.pro,True,None
joingy.com,True,True
www.allbestbets.com,True,True
www.partypoker.es,True,False
ratings-casino-znk10.buzz,True,None
www.calc.ru,True,True
reutbas.ru,True,True
kz-pinco.com,True,True
lotterytexts.com,True,True
atarotcards.com,True,True
gamefun.app,True,True
nnnmath.kz,True,True
igraruletka.com,True,False
1xbet-reg14.top,True,False
favoritnr1.com,True,True
360.yandex.ru,True,True
www.ridus.ru,True,True
www.bitsler.com,True,None
bitcoinchaser.com,True,True
www.yaneuch.ru,True,True
www.cryptogmblr.com,True,True
bezdepz1.com,True,True
endway.org,True,None
vavada4rfv.com,True,None
www.rubyfortune.com,True,False
sneakerfreak.ru,True,True
www.weapons-world.ru,True,True
premium-chatroulette.com,True,True
kazpravda.kz,True,True
vpliuse.ru,True,True
www.tarbie.kz,True,True
studall.org,True,True
endorphina.com,True,True
www.consultelectro.ru,True,True
vulkan777online-mgcl2.top,True,True
chatalternative.com,True,True
spinthewheel.app,True,True
turbocasino92.online,True,True
metaratings.ru,True,True
elcorazon.kz,True,False
kzbetandreasofficial.com,True,True
statslots.com,True,None
sibmama.ru,True,True
bezdepplay.top,True,None
www.rbc.ru,True,False
best-casino.mobi,True,None
www.airtalk.live,True,True
15kop.ru,True,True
nikulya.ru,True,True
betcity.kz,True,True
bezdepozitkazino.com,True,None
lootgh.run,True,True
www.soccer24.com,True,True
7k576.casino,True,False
riobet-222.run,True,None
rf-evo.ru,True,True
m.forebet.com,True,False
fiftydragons.com,True,True
casinolic.com,True,True
pinkvideochat.com,True,True
figm.io,True,True
poliklinica.kz,True,None
1xbet-mpkm.top,True,True
pitch.com,True,True
gamma.design,True,True
fonbet.by,True,True
respub.kg,True,True
avtomaty-casino.cfd,True,True
www.mbitcasino.io,True,False
medium.com,True,True
rating2025slots.ru,True,True
freegamebonus.com,True,True
rusnauka.com,True,True
www.proskating.by,True,True
www.gameawards.ru,True,True
zharar.kz,True,True
games.aarp.org,True,True
kazinoisloty.com,True,True
booi49n5i.com,True,True
casinobonus-2025.buzz,True,False
www.sovsport.ru,True,True
blefach-poker.ru,True,True
wildsailors-tidesofadventure.com,True,True
zvuch.com,True,True
www.urbandictionary.com,True,True
booi-casino-wkk.buzz,True,False
stavkiblog.com,True,True
smart-tables.ru,True,True
bitcoincasinos.top,True,True
topcasinorating2025.ru,True,True
ps5hits.org,True,True
lotteryngo.com,True,True
92slotozlo.site,True,True
www.trustpilot.com,True,True
www.contdict.ru,True,True
roulette-plays.click,True,True
wordmap.ru,True,True
thepresentation.ru,True,True
ppt-online.org,True,True
ikt-masterilki.ru,True,True
scanwordbases.ru,True,False
playfortuna.com,True,True
genially.com,True,True
hellagood.marketing,True,None
m.imdb.com,True,True
1xbet-swwa.top,True,None
roxcasino981.com,True,False
nodepositcasino-top.ru,True,None
kasino-vulcan24.com,True,None
tech4.live,True,True
skillbox.ru,True,True
kaz.zakon.kz,True,True
m-chatruletka.ru,True,True
anti-banner.com,True,True
lordfilm-novinki.fan,True,None
turkystan.kz,True,True
elodi84.ru,True,True
bet.championat.com,True,True
www.iguides.ru,True,True
22bet.ug,True,True
m-strana.ru,True,True
histologyguide.com,True,True
1xbet-live7.buzz,True,None
classes.ru,True,True
rankdle.io,True,True
texasteaslotwin.com,True,True
riobet222.today,True,True
casino-vulcan.photos,True,False
flirtify.com,True,True
eduindex.kz,True,True
yousician.com,True,True
igropad.com,True,False
www.razed.com,True,True
topwar.ru,True,True
vpochke.ru,True,True
ria.ru,True,True
masterclassy.ru,True,False
kubiktv4.ru,True,None
wiki.ark-hoster.ru,True,True
poker.goodgamestudios.com,True,True
1xbet-jackpot5.top,True,None
satu.kz,True,True
twig-bilim.kz,True,True
ru.dltv.org,True,True
bestbonus-casino.com,True,True
dailykz.com,True,True
stake1038.com,True,False
www.bbc.com,True,True
bezdepozit-ru.com,True,None
bizmedia.kz,True,True
bet-andreas-kz.com,True,True
catcasino-zhl.top,True,None
fctvlive.live,True,True
izzicasino.com,True,None
xn--90abjv6a.xn--p1ai,True,True
www.rkm-electro.ru,True,True
vulkan-kasino-app.biz,True,True
politico.kz,True,True
kk.onlinebk.space,False,None
kinogo-films.pro,True,True
bitcoincasino.to,True,True
www.videochat.com,True,True
richclub66.sbs,True,True
elvegas.club,True,True
1xbet-qopm.top,False,None
www.gamblergames.com,True,True
52bezdepobonus.site,False,None
5000-slotz.sbs,True,True
gamblizard.com,True,True
x-ploid.net,True,True
www.savol-javob.com,True,True
ru-casinosofficials86.win,True,True
bezdeposita2000.ru,True,True
vulkankazino-ch3cooh.buzz,True,True
ruletka-77.ru,True,True
mygallary.ru,True,False
vlast.kz,True,True
v-skazkah.ru,True,True
islamnur.com,True,None
sultangamess.kz,True,True
playplaza.ru,True,True
brazino777.by,True,True
bezdepozit-bonus.com,True,None
kodeksy-kz.com,True,True
casinos-free-slots.space,True,None
loftcasino.kz,True,None
igrovieavtomaty2000.buzz,True,True
yatr.fragster.ru,True,True
eldoyoffer.top,True,None
zvuk.com,True,False
vulkanonlinecasino.com,True,False
www.sostav.ru,True,True
kaz.kazlenta.kz,True,True
interacty.me,True,True
www.shutterstock.com,True,False
online.ruletka.guru,True,True
telecom.kz,True,True
rullette.com,True,None
eduvezu.kz,True,True
rating-casino-iop3.online,True,None
arasha.kz,True,True
betting-center.ru,True,True
www.emojer.ru,True,True
spincity.life,True,True
championslotssmne.bet,True,False
www.szhuldyz.kz,True,None
simple-work.ru,True,True
vulkan-vylkan.com,True,False
1xbet-hd.top,True,None
levuseth.xyz,True,None
cparta.online,True,False
goodbets.info,True,True
ru.gombis.com,True,True
0225.ru,True,True
t.me,True,True
1xbet-ixsa.top,False,None
magya-online.ru,True,True
vsestavki.online,True,True
slotozallon.com,True,True
ziatker.kz,True,True
24-bet.ru,True,True
kinogo.gs,True,None
1xbet-asig.top,False,None
chooserandom.com,True,True
skitalets.ru,True,True
chatrulez.ru,True,True
sergeydovlatov.space,True,True
www.soccer.ru,True,True
nueva-temporada.com,True,True
sovet-ingenera.com,True,True
freetp.ru,True,False
balticbet.net,True,True
1xbet-ouuh.top,True,None
wellbet.ru,True,True
unila.ru,True,True
polemicagame.com,True,False
bitcoin11k.ru,True,None
chatovka.net,True,True
book-of-ra-deluxe-slot.ru.uptodown.com,True,True
poker.md,True,None
bitahon.ru,True,True
old.baq.kz,True,None
betnbet.by,True,True
ggate.media,True,True
casinobitcointop.top,True,True
bilimger.kz,True,True
www.slots-online1.website,True,None
bukmeker.baldin.ru,True,True
asyldin.kz,True,True
vulkanking.link,True,True
bitcoin-casino.games,True,True
booi-20sd.buzz,True,True
habr.com,True,True
nsportal.ru,True,True
vk.link,True,False
baguettebag.ru,True,True
nashastavka.com,True,True
www.pokerking.com,True,None
apparatoff28.top,True,True
spins-for-registration.net.ru,True,True
torofun.com,True,True
1000bankov.ru,True,True
workspace.google.com,True,True
pppokerclub.ru,True,True
kalashnikovgroup.ru,True,False
booicasino-qc.buzz,True,False
booi-casino-lvc.buzz,True,False
4gameground.ru,True,True
ratings-casino-vfr6.online,True,True
fruitcocktailspinsboost.ru,True,True
ramenbetcasino.buzz,True,True
bonusykazino.info,True,True
help.olybet.ee,True,None
www.earthcam.com,True,True
www.kakprosto.ru,True,True
combot.org,True,False
baltbet.ru,True,True
merezhkovsky.click,True,True
www.novomatic.com,True,True
poker.highstakes.com,True,True
levsfly.kz,True,None
1xbet-gqvw.top,True,True
amerio.life,True,True
transsib.ru,True,True
asktel.ru,True,True
mfl.life,True,True
roxcasino2400.com,True,False
championslotsuzs.bet,True,False
positivebet.com,True,True
inforadar.live,True,True
luckydayscasino.click,True,True
xn----7sbabh2chctdbd0au5g.xn--p1ai,True,True
zhas-zhanary.kz,True,False
bet-in-click.com,True,None
kaz.orda.kz,True,True
verybet.ru,True,True
ke-pmstan-5401.com,True,None
el.kz,True,True
www.lingvolive.com,True,True
1xbet-fr6a.top,True,None
sport.megafon.ru,True,True
slotomania.su,True,True
zanoser-kazinoru.moscowazart.com.se,True,None
1xbet-ylhr.top,True,None
msk.spravker.ru,True,True
uteka.ru,True,True
studfile.net,True,True
kk.psychicslog.com,True,True
ruletka.sibnet.ru,True,True
punchng.com,True,False
www.cdek.ru,True,False
videorooms.ru,True,True
kz24.news,True,True
www.advantour.com,True,False
coomeet.com,True,True
linuxru.ru,True,True
betjam.com,True,None
ruletkavideochat.com,True,True
tgstat.ru,True,False
game-lead.ru,True,True
hyper-drop.com,True,None
massaget.kz,True,True
casino-mir.icu,True,True
casino-vulkan777.pro,True,False
m.fishki.net,True,True
4k-video.ru,True,True
www.runitonce.eu,True,True
modernfirearms.net,True,True
www.shambalacasino.ru,True,True
z-taraz.kz,True,True
kick.com,True,False
1xbet-naoa.top,True,True
www.banki.ru,True,True
bezdepozita6.ru,True,False
adebiportal.kz,True,True
gametop.ink,True,True
qwazer.ru,True,True
7kun.kz,True,True
xcamy.com,True,False
playfortunai3l1.com,True,True
livegames.vip,True,True
roulette77.co.uk,True,False
flash4play.com,True,True
bookmakermarket.com,True,True
www.audit-it.ru,True,True
www.chatruletkaz.com,True,True
kitap.kz,True,True
kzcasinos.com,True,None
1xbet-uodq.top,True,True
bongacams.com,True,False
www.panpwr.ru,True,True
slotsrating2025.ru,True,True
7k636.casino,True,False
rocodes.gg,True,True
casinosblockchain.io,True,True
www.strategya.com,True,True
14topkazinobonus.xyz,True,None
www.sportlevel.com,True,True
crimea.ria.ru,True,True
chernobil-spinslot.ru,True,True
bezdep-bonus-casino.ru,True,None
888starzyulduz.com,True,True
kz-olymp25.casino,True,True
www.zoho.com,True,True
funyo.tv,True,False
casinotop.one,True,None
1xbet-hu0r7.buzz,True,False
kznews.kz,True,True
blog.flirtlu.com,True,True
www.betonline.ag,True,False
jozz-casino-zhn.buzz,True,False
112slotozlo.site,True,True
betconix.com,True,True
1xbet-game.com,True,True
vedmochka.net,True,True
www.holla.world,True,True
www.videogamer.com,True,False
aqmeshit-zhastary.kz,True,True
www.besplatniespiny.com,True,True
top-kazino-rejting.com,True,True
www.zynga.com,True,True
1xbet-ptt35.top,True,None
1xbet-ebf.top,True,None
spacecasino.click,True,True
jokerflipslot.com,True,True
nurzhau-mektep.1-bilim.kz,True,True
market.yandex.ru,True,True
thereviewscasino.com,True,True
vstars34.casino,True,False
mostbet1forde1.xyz,True,True
1xbet.com.mu,True,None
4score.ru,True,True
1xbet-qj705.top,True,False
leon.ru,True,True
rezka.ag,True,None
www.insales.ru,True,True
znanierussia.ru,True,True
coomeet.chat,True,True
jozz-casino.pw,False,None
ren.tv,True,True
ratevideo.ru,True,True
igamingrus.com,True,True
choice-helper.com,True,True
wheelspinnerx.com,True,True
babkicasino.online,True,False
maxslots-club.life,True,False
lootrun-ru.com,True,True
free18.igrovue-avtomatu-online4.com,True,None
www.overleaf.com,True,True
ostrovok.ru,True,True
baltns.ru,True,True
turnir21.sbs,True,True
live24bet.ru,True,True
nodepositcasino.ru,True,None
bitz16.io,True,False
www.fragpunk.com,True,True
zvav.infosurfing.ru,True,None
standoffbaza.ru,True,True
ult.kz,True,True
slidesmania.com,True,True
russianchat.ru,True,True
virtual-casinos.top,True,True
www.balatro.co,True,True
vulcan-club.click,True,False
mp3songs.cc,True,True
warthunder.com,True,False
1xbet-etqx.top,True,None
zozhkst.kz,True,True
quizlet.com,True,False
banda-casino.pw,True,None
www.sport-34.com,True,True
www.okedoo.com,True,True
astanatv.kz,True,True
bbet.pro,True,True
www.protipster.ru,True,True
spinwheelzone.com,True,False
vseigrus.ru,True,True
ok.ru,True,True
betcity.ru,True,True
rus-big-jurisprudence-dict.slovaronline.com,True,None
xn----7sbabg8bi4dya.xn--p1ai,True,True
prosports.kz,True,True
1xbet-jzll1.top,True,False
turi-uzbekistana.ru,True,True
www.otzyvru.com,True,True
logoslab.ru,True,True
storynavigation.com,True,True
booi-cazinos.vercel.app,True,None
roulette77.in,True,True
tr-page.yandex.ru,True,True
coin-poker.one,True,True
totalizatory.net,True,True
investfuture.ru,True,True
wowgeeks.ru,True,True
dlist.club,True,True
vipv.ru,True,False
1xbet-ge.com,True,None
bezdepbonusi.pro,True,True
dtf.ru,True,True
kk.techconfronts.com,True,True
nodepositcasinobonus.ru,True,None
1xbet-buq.top,True,None
ratingbet.com,True,False
xn----7sbbtze8aoeh3b.xn--p1ai,True,True
iz.ru,True,True
blackmarket.kz,True,True
aqshamnews.kz,True,True
ped-kopilka.ru,True,False
um.co.ua,True,None
ratings-casino-vfr6.buzz,True,None
coinclarity.com,True,False
mygazeta.com,True,True
1xbet-gfkj.top,False,None
coincodex.com,True,True
1xbet-mqnd.top,False,None
www.vulcanvalues.com,True,True
ru.worldpokerdeals.com,True,True
tabor.ru,True,True
1xbet94.com,True,None
promokodus.com,True,True
chat-ruletka.com,True,True
moneyvulkan.me,True,False
1xbet-h59ri.top,True,False
zentarget.ru,True,True
solcasino3237.com,True,False
vulkan-min-stavka.cfd,True,None
bonusbezd.top,True,False
booi-casino-nkd.buzz,True,False
bitcasino3.xyz,True,None
www.fortunewheel.com,True,True
vavadadesedpodnimiapi.casino,True,False
casino-gmsd.org,True,False
www.gipsyteam.ru,True,True
www.mamba.ru,True,True
camsurf.com,True,False
www.google.ru,True,True
betadvise.ru,True,True
ros.bongacams-ru.com,True,True
www.figma.com,True,True
www.livebet.com,True,None
vulkanklubavtomaty-so2.top,True,True
gmsdeluxe-casino.ltd,True,False
www.destructoid.com,True,True
www.gambler.ninja,True,None
linkbaza.com,True,True
kopilkaurokov.ru,True,True
rating-casinou845.win,True,True
vulkankazino-ca3po4.buzz,True,True
bookmaker-ratings.kz,True,None
volna-casino118.com,True,False
azyk.store,True,True
nativenewsonline.net,True,False
cci7pokerdom.com,True,None
dmoniab.com,True,True
coingape.com,True,True
great.com,True,False
booi-casino-tbn.buzz,True,False
my.mail.ru,True,True
bezdepcazinos-btc.ru,True,True
steamcommunity.com,True,True
casinonabitcoin.xyz,True,False
igrovye.life,True,True
www.vedomosti.ru,True,True
casinoisloty.com,True,True
www.bet365.com,True,False
mp3hit.cc,True,True
1xbet-vosa.top,False,None
www.wishtv.com,True,True
www.aviatorace.com,True,None
p-10.ru,True,True
99bitcoins.com,True,False
slides.com,True,True
poker-online.softonic.ru,True,False
ru.cdictio.com,True,True
bitcasino.io,True,False
poker1.ru,True,True
aikyn.kz,True,True
sites.google.com,True,True
unitedgroup-ho.com,True,True
7k696.casino,True,False
m.f55uz.net,True,True
vipchat.ru,True,True
www.hottestasiansite.com,True,True
pinup-wtm1.casino,True,True
olimpik09.ru,True,True
alibabaslotreview.com,True,True
mostbet1folde7.xyz,True,True
account.ubisoft.com,True,True
1xbet-sqkg.top,False,None
enter-media.org,True,False
rt.bongoruletka.ru,True,True
www.najox.com,True,True
webka.io,True,True
random-generator.ru,True,True
www.renderforest.com,True,True
fon.bet,True,True
metaratings.by,True,None
wheelofnames.com,True,True
baza.casino,True,None
bigenc.ru,True,True
womanforex.ru,True,True
silavmisli.ru,True,True
1xbet-qhowe.top,True,False
ortcom.kz,True,True
wrc-info.ru,True,True
bloxgame.com,True,True
1xbet-wfwx.top,True,True
winrating.ru,True,True
jurojinpoker.com,True,True
casino-latvia.com,True,None
dialogs.yandex.ru,True,True
www.tripadvisor.ru,True,False
gama-casino-kma.top,True,False
www.crash-gambling.net,True,True
coub.com,True,True
roulette.d2exp.io,True,False
www.marathonbet.com,True,True
www.drive2.ru,True,True
solcasino2454.com,True,False
slotozal-online.cam,True,False
casinosofficials804.win,True,None
wp.nyu.edu,True,True
golpas.com,True,True
mostbett.com.kz,True,True
injust.pro,True,True
slot-onllinuz.top,True,False
hd-rezka.one,True,True
lex-casino7001.com,True,False
topkinolar.com,True,True
chatruletka.net,True,True
pinupslot.kz,True,True
primeminister.kz,True,True
gpk.arabaevksu.edu.kg,True,True
cyberschool.by,True,True
www.art-talant.org,True,True
levsgames.kz,True,None
lifehacker.ru,True,True
1xbet-ndur.top,True,True
ru.m.wiktionary.org,True,True
discord.com,True,True
www.sputnik8.com,True,True
slottica.com,True,True
www.letsplayindex.com,True,True
moscow.cataloxy.ru,True,True
1daddy.casino,True,False
www.jackpot.de,True,None
bezdepozita.xyz,True,True
fan-casino.ru,True,True
orcid.org,True,True
pokerspace.mobi,True,True
apps.apple.com,True,True
bgaming.com,True,True
pinkamuz.pro,True,True
steamwallet.ru,True,None
prommorpgru.xyz,True,True
flush-royal.com,True,True
its-city.ru,True,True
www.slidemembers.com,True,True
pinup634-kz.kz,True,True
rating-casino-bvc9.online,True,True
promportal.su,True,False
www.roulettesimulator.net,True,True
azik.myarena.ru,True,False
auf-top-casino.com,True,True
lemanapro.kz,True,True
www.casino.com,True,False
22bet.com,True,None
azik-22-22.orgs.biz,True,True
mobile.maxline.by,True,True
okko.tv,True,True
vulkanigrykazino-ch3och3.buzz,True,True
gamesgo.net,True,True
onlinecasino-ru.com,True,True
pokerdb.thehendonmob.com,True,False
www.joom.ru,True,True
lib.tau-edu.kz,True,True
crowd.yandex.ru,True,True
rt.chat-ruletka-18.com,True,True
www.rustore.ru,True,True
rt.chatbonga.com,True,True
om-ek.ru,True,True
fclub.kz,True,True
www.bitcoingames.com,True,None
vavadaxert.com,True,False
lordserialxgj.online,True,None
pchet.ru,True,True
imgur.com,True,True
jasmediaa.wordpress.com,True,True
1xbet-xpz.top,True,None
bonus-bezdepozita.com,True,True
2gis.ru,True,True
50plus.kz,True,None
www.livelib.ru,True,True
wolfbet.com,True,False
www.names.org,True,False
download1xbet.com,True,None
forum.gipsyteam.online,True,True
freebitco.in,True,None
pokeriq.pro,True,True
overbetting.ru,True,True
ruletka.chat,True,True
www.compancommand.com,True,True
betru.ru,True,True
mel.fm,True,True
videochatru.com,True,True
winslot.online,True,True
androidx.ru,True,True
nier.fandom.com,True,True
coderbooks.xyz,True,True
www.online-stopwatch.com,True,True
azartgames.ru,True,True
vulkan-platina1.xyz,True,False
ru.bongacams.ch,True,True
lipoker.io,True,True
xn--80akjcielidvhr6cf.xn--p1ai,True,True
zhalagash-zharshysy.kz,True,True
vodkasino.casino,True,True
1xbet-ssd.top,True,None
s30489657705.mirtesen.ru,True,True
1xbet-a3pa.top,True,None
streamfortuna.com,True,True
betgpt.ru,True,True
cs16planet.ru,True,True
roulette.chat,True,False
sultansgames.com,True,True
triphit.ru,True,True
stavky-telegram.ru,True,True
mmanual.biz,True,True
rus.d2exp.com,True,False
dogs-faan.ru,True,True
xn---113-43db8axpkzbg8a2ae3g.xn--p1ai,True,False
www.grandcasino.by,True,None
1xbet-kdbp.top,True,True
ezcash47.casino,True,True
culturemap.kz,True,True
xn--e1agfbb6an8f.net,True,True
www.goha.ru,True,True
kometa-casino.art,True,None
bazoocam.org,True,True
www.kaper.pro,True,True
fc-arsenal.com,True,None
nodepositcasinokz.site,True,None
baldauren.kz,True,False
7k199.casino,True,False
chatusnl.com,True,True
1xbet-alfv.top,True,True
rulettehelper.net,True,None
lordfilmm2.life,True,None
kazahstancasinos.com,True,None
ru.y8.com,True,True
gizbo-casino401.com,True,False
bitcoincasinotop.com,True,True
archivegroup.ru,True,False
journal.citilink.ru,True,True
brainking.com,True,True
www.vseprosport.kz,True,True
bitcoincasinowiz.com,True,True
malinovka.org,True,True
behoneybee.ru,True,True
hdf7im.lordfilm1.pics,True,False
superbets.guru,True,True
appvisor.ru,True,True
31bez-depov.site,True,None
www.vseprosport.by,True,None
vulkanrussia-online.one,True,None
gameruns.ru,True,False
cashpoker.ru,True,True
casino-ot-expertov.fun,True,True
odds.am,True,True
taplink.cc,True,True
1xbet-xya.top,True,True
www.webopedia.com,True,False
vulkanigrovye-c3h6.buzz,True,True
6cs.fail,True,True
esquire.kz,True,True
luchshie-casinoonline5.ru,True,None
www.game-game.com.ua,True,None
uksiip.com,True,True
kk.warbletoncouncil.org,True,True
kk.brictly.com,True,True
wizardofodds.com,True,None
1xbet-hpxh.top,True,False
poker-beginner.ru,True,True
kk.family-relation.com,True,True
checko.ru,True,True
1xbet-oirm.top,True,True
1xbet-icwk.top,True,None
book-of-ra.win,True,True
www.realisticgames.co.uk,True,True
www.tiktok.com,True,True
video-roulette24.ru,True,True
www.armoury-online.ru,True,True
www.shazam.com,True,True
casino.online,True,True
ru.videoclub.net,True,True
cat-casino-win77x77i.top,True,True
bbcasino.click,True,True
kazino-otziv.space,True,False
playhop.com,True,True
surak.baribar.kz,True,True
1xstavka.ru,True,True
1xbet-rrr6.top,True,None
www.findmini.app,True,True
prognozy-bk.ru,True,True
vulkandeluxe-official.vip,True,False
play-fortunal0e3.com,True,None
jackpot-casino.lol,True,False
dobroslot003.top,True,True
brokencore.club,True,True
www.kran-machina.ru,True,True
bezdep.casino,True,None
yandex.cloud,True,True
1xbet-oldz.top,True,None
www.liveinternet.ru,True,True
freebetrange.com,True,True
m.betlive.com,True,None
fonbet.kz,True,True
site.yummyani.me,True,True
lootab.run,True,True
www.bluestacks.com,True,True
1xbet-bsj6.top,True,True
www.stoloto.ru,True,True
upswingpoker.com,True,True
apwork.ru,True,True
tradingplatforms.com,True,True
www.natural8.com,True,True
izzicasino1313.com,True,False
xxxgames.biz,True,True
engine-cazino.xyz,False,None
chatingly.com,True,True
nodepositcasinopromo.com,True,None
igroutka.su,True,True
xn--80afohp.xn--j1aedq.xn--p1ai,True,True
lite.new-1xbet.com,True,True
www.cepaldata.com,True,True
pokerok210.com,True,True
androeed.ru,True,True
kaz.inform.kz,True,True
zhastar-07.kz,True,True
zhaikpress.kz,True,True
www.gamehouse.com,True,True
cryptogamblers.com,True,True
coingambling.info,True,True
www.sportmaster.ru,True,True
kazinoazov.net,True,None
www.gate.io,True,False
book-of-ra-deluxe.ru.aptoide.com,True,None
eldoradocasino37.com,True,False
pppokerunion.com,True,True
www.etm.ru,True,True
stake.bet,True,None
camloo.com,True,True
elektroshkola.ru,True,True
book-of-ra-slot.co.uk,True,True
betcscgo.net,True,False
blog.lisogorsky.ru,True,True
blog-casino.fun,True,True
apkdom.com,True,True
ficbook.net,True,False
riobet228.org,True,True
www.muftyat.kz,True,True
armadazerkalo.info,True,False
shikimori.one,True,True
igru.net,True,True
jozz-casino-rok.top,True,True
1xbet-wcod.top,True,True
vavada.com,True,None
solcasino3431.com,True,False
wisdom-web.info,True,True
ru.gravatar.com,True,True
blockchair.com,True,True
gama-casino-iyw.buzz,True,None
gamecaste.xyz,True,False
qazdauiri.kz,True,True
www.uapoker.info,True,True
ironbets.by,True,True
1xbet-fvj3.top,True,None
freshcasino2553.com,True,False
golpas.kz,True,True
60647712.voov.kz,True,True
bethub.org,True,True
vulcanking-casino.info,True,False
www.jackpoty122.com,True,True
www.redstarpoker32.eu,True,True
xgscore.io,True,True
naryk.kz,True,True
unlimbet.ru,True,True
bezdepovka1.buzz,True,False
coinpoker.com,True,False
www.ymnik.kz,True,True
hitmos.me,True,True
www.zr.ru,True,True
demo-slots-free.com,True,True
irecommend.ru,True,True
www.toptut.com,True,True
casino-lucky-life.xyz,True,True
xn--80aodfsg.kz,True,True
kazinobezpasporta.art,True,False
programmy-dlya-android.ru,True,True
shareslide.ru,True,True
vavilon.co,True,True
m.sports.ru,True,True
livacha.com,True,True
1xbet-1ai.top,True,False
novie-bonusi1.fun,True,None
kk.atomiyme.com,True,True
lordserialz7.pro,True,None
gamerules.com,True,True
wilddrop.ru,True,None
travel.yandex.ru,True,True
ohfest.ru,True,False
ru.frwiki.wiki,True,True
mir24.tv,True,False
premierliga.ru,True,True
trading-education.com,True,True
www.phonevegas.com,True,False
www.selectyourgame.com,True,True
pinup-casino-pqb3.top,True,None
irwin-casino103.com,True,False
erudit.com.kz,True,False
1x-bet97466.world,True,None
m.avito.ru,True,True
spin-wheel-zeta.vercel.app,True,True
fcakron.ru,True,True
qumalak.kz,True,True
1xbet-ppq2.top,True,True
super-top-casino.fun,True,True
f1casinos31.club,True,True
video-roulette.online,True,True
www.dek.ru,True,True
livechat.su,True,True
top21.by,True,True
www.sravni-bk.ru,True,True
hydramatic.site,True,True
ruletka-onlain.net,True,True
stan.kz,True,True
12bets.ru,True,True
lampaexpert.ru,True,True
playrix.com,True,True
sevastopolbeton.ru,True,True
miningclub.info,True,True
solcasino579.com,True,False
ttrcoin.com,True,False
igroutka.ru,True,True
tv-nastroy.com,True,True
www.altcoinbuzz.io,True,False
fairspin-cxg.top,True,True
freshcasino2063.com,True,False
1c-pro.org,True,True
yt-random.ru,True,True
cyclowiki.org,True,True
chat-roulette.com.ru,True,True
neonwin-gaming.kz,True,True
www.dns-shop.ru,True,True
parimatch.tj,True,False
betandyou.com,True,None
www.amatic.com,True,True
chatroulette-777.ru,True,True
freespinsforcoinmaster.com,True,True
www.bitcoincasinos.com,True,True
wildbanditoplay.com,True,True
igraz.ru,True,True
3tuzacasino.net,False,None
mirami.chat,True,True
newbezdep.com,True,None
top10-rating-casino941.ru,True,None
www.gate.ac,True,True
nadogol.ru,True,True
jozz-casino-csq.buzz,True,False
strana-sovetov.com,True,True
slotodom666666.website,True,None
check-bets.online,True,True
lightaudio.ru,True,True
en.gameslol.net,True,True
vulkan24-official.dev,True,None
ru-ru.facebook.com,True,None
www.altynqalam.kz,True,True
sanstv.ru,True,True
anitorrent.org,True,None
topcasinoexpert.net,True,None
bitnation.co,True,True
onlybet.ru,True,True
help.olybet.lv,True,False
democrat.kz,True,True
10.doramatv.ru,True,False
inbusiness.kz,True,True
militaryarms.ru,True,True
odds.ru,True,True
olimp.com,True,True
fastcup.net,True,True
mnogochat.com,True,True
belatra.fun,True,True
mts-link.ru,True,True
sobesy.ru,True,True
casinobit.io,True,False
kazakh_russian.academic.ru,True,None
www.plushcasino.com,True,True
kaz.nur.kz,True,True
ru.sportschecker.net,True,True
www.liveresult.ru,True,True
melbet-com.mobi,True,True
admin.vulkan-russia.com,True,False
vulkanking.pro,True,True
t-j.ru,True,True
kasiino.com,True,True
1x-bet436364.world,True,None
casinovodka.xyz,True,True
report.az,True,True
neuro-center.ru,True,True
online-slot-free.cfd,True,True
kasino-7k.com,True,False
ruletkanadengi.ru,True,True
www.kaspersky.ru,True,True
awayne.biz,True,True
topscarzy.ru,True,True
1x-bet012788.world,True,None
www.bitcoincasino.us,True,True
ruruletka.com,True,True
am.ozon.com,True,False
tirshilik-tynysy.kz,True,True
booi-casino-wna.buzz,True,False
1xbet52.com,True,None
live-live.sport-program.ru,True,False
kazyavki.com,True,None
realz-casinoz.xyz,True,None
blog.myfusebox.ru,True,True
www.ozon.ru,True,False
rus.egamersworld.com,True,None
progorod62.ru,True,True
www.vegas-aces.com,True,True
dripcasino8001.com,True,False
rpgrussia.com,True,True
www.roulettechat.com,True,True
1x-bet41043.world,True,True
arz-wiki.com,True,True
www.jackpot.com,True,None
7k-casino-club.com,True,False
www.pagat.com,True,True
www.thecoinrepublic.com,True,True
baza-casino.com,True,None
1a-casino.com,True,True
x-poker.net,True,True
sprintinvest.ru,True,True
www.pokerscout.com,True,False
gms-delluxe.net,True,False
1xbet-bst0.top,True,True
1xbet-efls.top,True,None
www.vseprosport.ru,True,True
megasliv.one,True,True
kokshetoday.kz,True,True
rs24.ru,True,False
vulcanking.work,True,False
changelly.com,True,True
slottica.online,True,None
igranadenginarubli.ru,True,False
bettingtool.live,True,True
vulkanplatinum-official.xyz,True,False
1xbet-toto15.top,True,True
cat-casino-nxr.top,True,None
vulkan240.ru,True,None
nodepozit2.site,True,None
minichat.com,True,True
cat-casino.today,True,True
alexbetting.info,True,True
telegifter.ru,True,True
12-merki.mektebi.kz,True,None
progameguides.com,True,True
www.bitcoinlightning.com,True,True
avion.kz,True,True
www.partypoker.com,True,False
igtec.ru,True,True
skyeng.ru,True,True
freespinz.pw,True,True
lotto-ru.com,True,True
1xbet-nri.top,True,None
create.microsoft.com,True,True
www.interfax.ru,True,True
vulkanklubigrovye-hcl.casino,True,True
tv.yandex.kz,True,True
bingx.com,True,False
betcscgo.in,True,True
monrocasino312.com,True,False
atoz.kz,True,False
www.sberometer.ru,True,True
chat.mistral.ai,True,False
booi-casino-lxd.buzz,True,False
renatoaruffo.itch.io,True,True
otzyvmarketing.ru,True,None
pokerdom-4030.fun,True,True
standoffhub.com,True,None
buffalokinguntamed.com,True,True
student.zoomru.ru,True,True
mystery-boxes.online,True,True
kartaslov.ru,True,True
vivi.casino,True,True
www.dnddiceroller.com,True,True
vulkanking.space,True,False
ru.aptoide.com,True,None
casinobezobmana-top.ru,True,True
1xbet-hvgj.top,True,None
kazino-igraem-onlain.top,True,False
levcazinoplay-btc.ru,True,True
www.igromania.ru,True,True
blockchainreporter.net,True,True
www.duolingo.com,True,True
lk.911911.org,True,True
sportmail.ru,True,True
www.mpl.live,True,True
renaultfan.ru,True,True
43bez-depov.site,True,True
www.vbr.ru,True,True
bezdepozit-novie.website,True,None
epicris.ru,True,True
www.hammerai.com,True,True
888starz.bet,True,None
volnacasinokz28.com,True,None
video-chat.ru,True,True
booi.com,True,True
moskva.regtorg.ru,True,True
sportliga.com,True,True
kk.wikipedia.org,True,True
vulkanrussia.org,True,False
stake.com,True,None
www.pokerxrussia.ru,True,True
stud.kz,True,True
stavki.club,True,True
armadazerkalo.pro,True,False
bitcoincasino.info,True,True
brillx3.online,True,True
www.pragmaticplay.com,True,True
registrtion-spins.net.ru,True,True
pokertrainer.se,True,True
www.b17.ru,True,True
videochatonline.com,True,True
pokerhero.io,True,True
ratings-casino-gdv9.buzz,True,False
www.psu.com,True,True
booi-casino-dsl.buzz,True,False
music.yandex.kz,True,True
casinos-tigrecristal.xyz,True,True
cappers.pro,True,True
rank-casino.com,True,None
jozz-casino-nqu.buzz,True,False
sksbrest.by,True,True
bezdep1.promo,True,True
j7.jackpotclubplay.com,True,None
1xbet-5921445.top,True,True
best-casinos-hjs9.buzz,True,False
payberry.ru,True,True
www.247freepoker.com,True,True
ttttt.me,True,True
kapp1.ru,True,True
igrasfera.ru,True,True
vkplay.ru,True,True
store.steampowered.com,True,True
kk.laketurkanafestival.com,False,None
bitcoinfy.net,True,True
www.amazon.com,True,True
weincam.com,True,None
ma.by,True,True
1xbet-usg.top,True,None
gamblerunity.com,True,True
www.nchsoftware.com,True,True
videochat-club24.ru,True,True
kk.tierient.com,True,True
vulkanigryonline-caf2.top,True,True
100casino.online,True,None
riobet225.today,True,True
bonus-top3.fun,True,True
biletik.online,True,True
shooting.isp25.admintest.ru,True,True
www.blablacar.ru,True,False
e-history.kz,True,True
www.cryptolists.com,True,False
legalstavka.ru,True,False
betwatch.fr,True,True
leftie.ru,True,None
fooby.ru,True,True
best-vulkan-casino.24off.top,True,None
azattyq-ruhy.kz,True,True
spas-perovo.ru,True,False
altynkasino.com,True,True
betkin.com,True,True
xn----dtbiddjgjzecgtj9a2n.xn--p1ai,True,True
vulkanroyalcazino.com,True,False
easywin.today,True,True
products.aspose.app,True,True
www.remotvet.ru,True,True
alataugazeti.kz,True,True
mm2free.com,True,True
toto.wiki,True,True
finance.rambler.ru,True,True
dorama24.ru,True,True
top-bookmaker.ru,True,True
vprognoze.kz,True,True
demoslots.ru,True,True
allmillion.xyz,True,True
funpay.com,True,True
en.ggpoker.com,True,None
wasp.kz,True,True
freetips.top,True,True
qjl.kz,True,True
elektro.ivmast.ru,True,True
1xbet-pxed.top,False,None
zonawars.ru,True,True
casino-jackpot-win.cfd,True,True
wulkangold.xyz,True,False
respin.info,True,True
51slot006.top,True,True
coin360.com,True,True
ome.tv,True,True
activebot.ru,True,True
casinosochi.ru,True,True
adyrna.kz,True,True
myspacereward.com,True,True
mybuh.kz,True,True
sravni.bet,True,True
uchitelya.kz,True,True
www.gate.com,True,False
helpiks.org,True,True
prognoz-ratings.ru,True,True
mostbet1forde4.xyz,True,True
schci.ru,True,True
1xbet-axu.top,True,True
superlive.bet,True,True
casinobonys-ru.ru,True,True
uz-22bet.com,True,True
vseprocasino.ru,True,True
online-casino.ee,True,True
bonuscasino777.ru,True,True
doramy.club,True,None
casinobanda.life,True,None
lev-casino-wvj.buzz,True,False
www.sport-express.ru,True,True
1000rubley-vcasinos.fun,True,True
www.clubwpt.com,True,True
jackpot-avtomaty.icu,True,True
casigood-casino.sbs,True,None
dzen.ru,True,True
bindingofisaac.fandom.com,True,True
kinogo.fm,True,True
www.decktopus.com,True,True
r7-casino-slots.fun,True,False
24betting.ru,True,True
benechat.ru,True,True
kk.wikijaa.ru,True,True
vulkanigratavtomaty-no2.top,True,True
www.aviasales.ru,True,True
ru.wikihow.com,True,True
bezdepbonusikazino.ru,True,False
dripcasino9002.com,True,False
1xbet-wxbw.top,True,None
www.bitcasino.com,True,True
www.afisha.ru,True,True
ww25.34bezdepobonus.site,True,None
robotail.ru,True,True
shomla.com,True,None
1xbet-hvbf.top,True,None
1xbet54.com,True,None
jozz-casino-jry.top,True,True
akparat.com,True,True
trial-sport.ru,True,True
vulkanigry-feco3.buzz,True,True
topvay.77new.online,True,None
www.livescore.bz,True,True
1x-bet87990.world,True,None
forklog.com,True,True
casinodaet.ru,True,True
3bitz.net,True,False
slots5000.cfd,True,True
kinogo-films.fm,True,False
moneyvulkan.org,True,False
www.wildsbet.com,True,True
bezdeppoint.com,True,None
telemetr.me,True,True
bonusesfs-casino-1.site,True,True
zvezdapokera.ru,True,True
gamblinghub.ru,True,None
1xbet-kesr.top,True,True
journal.sovcombank.ru,True,True
ggstandoff.pro,True,True
iekbonus.ru,True,True
online.zakon.kz,True,True
kinogotv.biz,True,True
coingambling.biz,True,True
royal-vulkan.wiki,True,False
stavki-online.info,True,True
football-world.ru,True,True
1x-one.com,True,None
1xbet-24h.top,True,True
educalingo.com,True,True
slotspayswin.ru,True,True
super-spin3.online,True,True
casinobonus-2025.ru,True,True
graphtips.ru,True,True
egov.kz,True,False
freespinswin.ru,False,None
slotsavtomaty.top,True,True
minigames.mail.ru,True,True
m.f-55.ru,True,True
logic-games.spb.ru,True,True
vulkanelite-casino.xyz,True,False
vulcanrussia-online.net,True,False
acesfishing.com,True,True
119.kz,True,True
globalextramoney.com,True,True
www.cardplayer.com,True,False
zoon.ru,True,True
bookmakers24.ru,True,True
betboom.ru,True,True
iccup.com,True,True
akniga.org,True,True
casino-armada.com,True,False
online-casinos-kz.com,True,True
oncasino1.store,True,True
rateitx.com,True,True
ulagat.com,True,True
bukmekerskie-kontory.bet,True,True
vulkan777casino-games.com,True,None
www.kesch.ru,True,True
masterok.livejournal.com,True,True
5starscasino.ru,True,True
icq-online.ru,True,True
twin.com,True,None
vstars-games.org,True,False
www.binance.com,True,True
igc-group.ru,True,True
top-android.org,True,True
eldoradocasino75.com,True,False
gamesport.com,True,True
luchshie-casinoonline.win,True,False
bettery.ru,True,True
music.mts.ru,True,True
1xbet-bdq1.top,True,True
techacute.com,True,True
kzl.sud.kz,True,None
free2play003.top,True,True
color.adobe.com,True,True
buhta.com,True,False
300.ya.ru,True,True
1x-bet92751.world,True,None
2ip.io,True,False
csgopositive.ws,True,True
igrowiki.fandom.com,True,True
bezdepspins.top,True,None
gmslotscash.com,True,False
1xbet-qu7a.top,True,True
slot-progame.ru,True,False
web.archive.org,True,True
kz.parimatchi.com,True,True
www.videopoker.com,True,True
on.kz,True,True
tinder.com,True,True
amssoft.ru,True,True
10topkazino.com,True,True
r7-casino154.top,True,None
photo-faces.com,True,True
oxu.az,True,False
vivibet-uz.com,True,None
roulettevia-top.ru,True,True
doramy.top,True,None
docs.narwhal.finance,True,True
ninjagambler.com,True,False
taldykorgan-online.kz,True,True
www.beautiful.ai,True,True
mylivestats.com,True,None
dopobet.ru,True,True
farap.ru,True,True
bez-dep-bonuses.online,False,None
lohotrons.cfd,True,True
xn--14-9kcmebm0e.xn--p1ai,True,True
nodepositcasino-get.ru,True,None
howmade.ru,True,True
spinthewheel.cc,True,True
vulkan-original-igravtomaty.top,True,False
best-rating-casino11.top,True,None
cazinovulkanroyal.com,True,False
en.boardgamearena.com,True,True
www.pokernews.com,True,True
ozgeris.info,True,True
kulturologia.ru,True,True
www.skylinewebcams.com,True,True
admiral-cazino-online.site,True,False
orbita.fans,True,True
betsmania.ru,True,True
ampshop.ru,True,True
voda.nerv-system.ru,True,True
tennisi.bet,True,True
getslot.lemanapro.ru,True,True
ek-top.ru,True,True
tv.yandex.ru,True,True
lova.casino,True,None
yandex.kz,True,True
bfme-modding.me,True,True
istoki.tv,True,True
vylkan-online24.net,True,False
moneyvulkan.live,True,False
telegra.ph,True,True
igrovoiklub.com,True,None
hmkazinokz.com,True,True
ru.androidayuda.com,True,True
magical-battle-jut.su,True,True
zhok-depozittk-bonustar.ru,True,True
netology.ru,True,False
www.aziks.ru,True,True
muzrecord.com,True,True
btc-casino.com,True,True
okko.sport,True,True
coomeetrussian.com,True,True
turbozaim.ru,True,True
wpcgame.com,True,True
sportex.pro,True,True
slotandcasinos.org,True,True
www.bing.com,True,True
crazybox.net,True,True
online-bookmakers.ru,True,True
googlme.ru,True,True
www.ereality.ru,True,True
www.winnstrategy.com,True,True
apkpure.net,True,True
qyzylqoga.kz,True,True
cv-official777.com,True,False
ironwin.ru,True,True
bithound.io,True,True
reabiz.ru,True,True
24score.pro,True,None
1xbet-bkoe.top,True,None
space24.top,True,None
qaz.ulysmedia.kz,True,True
www.slidesacademy.com,True,True
expert.itmo.ru,True,True
bitcoin-games.net,True,None
tops10-casino13.top,True,True
egemen.kz,True,True
moldir-bulak.kz,True,True
droparena.cc,True,True
theslide.ru,True,True
e-ecolog.ru,True,True
volna-casino332.com,True,False
game8.co,True,True
www.canva.com,True,False
www.jackpotparty.com,True,True
chatruletka.ru,True,True
dodorama.ru,True,None
levsenjoy.kz,True,None
btcman.io,True,True
bch.games,True,False
www.pppoker.net,True,True
chat-ruletka.net,True,True
dni.ru,True,True
1xbet-yci.top,True,True
1xbet-officialsite26.top,True,True
urgentgames.com,True,True
casino.n1bet.com,True,True
bet-tip.ru,True,True
dpk-kuzbass.ru,True,True
github.com,True,True
spark.ru,True,False
hornet.com,True,True
apoker.online,True,True
slidevrn.ru,True,True
www.soyle.kz,True,True
calculator888.ru,True,True
vsemfc.ru,True,True
nameonwheel.com,True,True
x-betting.org,True,True
azik.biz.cutestat.com,True,False
iii.chat,True,True
www.decisionroulette.com,True,True
news.rambler.ru,True,True
onlineigry.net,True,True
kozybayev.edu.kz,True,True
vulkanrussiaofficial.cyou,True,None
lalabet160.com,True,False
1xbet-bmn6.top,True,True
lordfilmi28.net,True,None
truekapper.ru,True,True
ru.casinoglobal.info,True,True
www.elana.kz,True,True
emergency.spb.ru,True,True
izzicasino1216.com,True,False
setwalls3.space,True,True
ru.ftfchat.com,True,True
ollgames.ru,True,True
topakpp.ru,True,True
alpinbet.com,True,True
solkazinokz11.com,True,False
vavada8ujh.com,True,None
sportotvet.ru,True,True
kissvk.in,True,True
www.kazakhstanonlinecasino.com,True,True
chateek.com,True,True
gmsdeluxe-casinosite.xyz,True,False
openpokertools.com,True,True
motohorek.life,True,True
1xbet-hdm.top,True,None
rabbitvideochat.com,True,True
allsoft.ru,True,True
stardacasino1009.com,True,False
betbol.ru,True,True
library.by,True,True
www.freepapers.ru,True,True
top-casinos10.online,True,False
www.chess-on.com,True,True
parimatch.kz,True,False
free-spins.net,True,True
online.uralsib.ru,True,True
ru.wikibrief.org,True,False
theislandnow.com,True,True
gamecaste.info,True,True
www.poker.org,True,True
1000topbonus.website,True,True
ya-poyu.ru,True,True
muzofond.fm,True,True
vulkancasino-site.com,True,False
lengerzharshisi.kz,True,True
www.vegasslotsonline.com,True,None
game-zoom.ru,True,True
clashofslots.com,True,True
investgazeta.ru,True,True
booi-casino-gac.buzz,True,False
stavkiprognozy.ru,True,True
bk-top.com,True,True
kk.traasgpu.com,True,True
ludogid.ru,True,True
vulkan777igrovye-h3po4.buzz,True,True
news.ru,True,True
auto.ru,True,True
www.chatride.com,True,True
exnode.ru,True,False
gaming-technology.ru,True,None
slots-casino1.fun,True,True
igrovye-avtomaty.info,True,True
rmebrk.kz,True,True
vulkanbesplatno-h2so4.buzz,True,True
bukmekerskie-kontory.ru,True,True
vavadaa.kz,True,None
www.roblox.com,True,True
1xbet-bjmh.top,False,None
roscasinos.com,True,True
vteme.kz,True,True
forum.gipsyteam.ru,True,True
www.kv.by,True,True
kurolyub.ru,True,True
pokerbay.ru,True,True
bezdeps2025.website,True,None
gizbo-casino703.com,True,False
topcasinoexpert3.site,True,None
onnepoke.ru,True,None
cofe.ru,True,True
ruscatalog.org,True,True
nowpayments.io,True,True
www.livescore.cz,True,True
1xstavka.pro,True,True
www.newsdirect.com,True,True
old.bigenc.ru,True,True
democratia2.ru,True,True
infourok.ru,True,True
xsao.ru,True,None
randomus.ru,True,True
kk.designhomebox.com,True,True
www.pokeroff.ru,True,None
casinobezdepy.com,True,None
alvin-almazov.ru,True,True
bulldrop.vip,True,True
roulettedoc.com,True,True
erudit.kz,True,True
ru.ruwiki.ru,True,True
richclub71.sbs,True,True
pari.ru,True,True
poker-players-kz.org,True,True
izzicasino1822.com,True,False
1xbet-txi.top,True,None
tennis-bet.ru,True,True
endorphina.site,True,True
kladraz.ru,True,False
wowarea.ru,True,False
soccer365.ru,True,True
amnlawfirm.com,True,True
myslide.ru,True,True
pubggru.net,True,True
1xbetportal.sbs,True,True
partnerkin.com,True,True
www.roulettepro.com,True,False
vgtimes.ru,True,True
www.casino.org,True,True
chatfish.ru,True,True
hilal.kz,True,True
sc0005.atbasar.aqmoedu.kz,True,True
cazino-wins2025.ru,True,True
best-cazinoz.site,False,None
www.bolshoyvopros.ru,True,True
pokercm.com,True,True
kingvulkan.pro,True,False
playcasinogamescast.com,True,True
joycasino-auto.buzz,True,False
1xbet-hm3n.top,False,None
casino-ra200.com,True,True
fb.ru,True,True
legalbet.ru,True,True
workion.ru,True,True
top1000vk.com,True,True
guns.club,True,True
lessonteacher-comps.ru,True,True
www.kompster.com,True,True
erovideochat.net,True,False
www.lotto.net,True,None
gbet.ru,True,True
besdep-com.space,True,True
xbetkr.com,True,None
1xbet-xk2q9.buzz,True,False
otziv-broker.com,True,True
fastmb.ru,True,True
kinogo.biz,True,None
create-casino.com,True,True
www.akmechet.kz,True,True
7bitcasino.com,True,False
videoslots.sbs,True,True
slotsplaywincash.ru,True,True
rutab.net,True,True
jet-ton.kz,True,None
jack-super.com,True,True
la-atmosfera.com,True,None
fuckcasino66.club,True,True
bilim-all.kz,True,True
afisha.yandex.ru,True,True
mostbet-mu.com,True,True
searchengines.guru,True,True
1xbet-xka.top,True,None
gayconnect.com,True,False
casinovers.top,True,None
pointauc.com,True,True
ometv.chat,True,True
gamacasino932.com,True,None
ru.sgames.org,True,True
new-shop.ksm.kz,True,True
gl.gravatar.com,True,True
pro.yandex.com,True,True
dronnews.ru,True,True
bkinfo93.online,True,True
gamislots005.top,True,True
1xbet-lxqg.top,True,None
vespoker.com,True,True
www.jackpot.ie,True,True
games-profit.com,True,None
www.klerk.ru,True,True
www.ligastavok.ru,True,True
roulette-analyser.com,True,True
www.onlinepoker.com,True,True
shooting-ua.com,True,True
ratings-casino-bsk5.buzz,True,False
sport24.ru,True,True
casinounlim54.com,True,None
go-sport.ru,True,None
1xbet-hffa.top,True,True
allrandom.online,True,True
m.vkvideo.ru,True,False
4poker.eu,True,True
rusvideochat.ru,True,True
ru.piliapp.com,True,True
gipsyteam.poker,True,True
1xmobi.com,True,None
bandacazino-official.ru,True,True
casinova.org,True,None
roulette77ru.com,True,False
tgdyk.com,True,True
playpack.ru,True,True
shbet81.com,True,True
coinspaidmedia.com,True,True
www.blockchain.com,True,False
genapilot.ru,True,True
horizon2.casino,True,True
izzicasino1616.com,True,False
www.syl.ru,True,True
vulkan24site.top,True,None
24.kz,True,True
slot-top.fun,True,True
rasp.msk.ru,True,True
nurgasyr.kz,True,True
playfortunanl431.com,True,True
7k205.casino,True,False
rutube.ru,True,True
online-casino-kazakhstan.space,True,False
playnet.club,True,True
freespinspromo.com,True,None
bezdepbonus.live,True,True
rzhom.ru,True,True
slotsplayrooms.ru,True,True
overwatchpro.quest,True,True
lordserials.fan,True,True
www.kaznpu.kz,True,True
www.espn.com,True,True
vulkanigry-c12h22o11.buzz,True,True
bukmekerexpert.com,True,True
slotbonus.online,True,True
sportclan.ru,True,True
geometrydash.ru,True,True
ulape.gotripgo.ru,True,None
pokerk.com,True,True
qazaqadebieti.kz,True,True
casino.ruletka.guru,True,True
online-vulkan-casino.top,True,False
1-xbet10.com,True,None
cpzalmaty.kz,True,False
atx14.online,True,True
nana-journal.ru,True,True
freegamesboom.com,True,True
bezdepozita15.ru,True,True
levkz-slot.kz,True,None
betcity.by,True,None
vslotspays.ru,True,True
booi-casino-uci.buzz,True,False
booi-casino-vbr.buzz,True,False
cryptohorizon.net,True,True
psychedelic.ru,True,True
wowbetkk.com,True,True
livedealers.team,True,True
ckep.1c-umi.ru,True,True
32vulkanbonus.site,True,None
online-casino-rating.com,True,None
4portfolio.ru,True,True
slots-type.sbs,True,True
cryptorunner.com,True,True
vulkanonline-kalso4.buzz,True,True
1gocasino605.com,True,False
ummet.kz,True,True
1xbet-hosn.top,True,True
ru.freepik.com,True,False
zvyki.com,True,True
slotozalcasino.plus,True,False
1xbet-d1wb.top,False,None
koleso-fortuny-online.ru,True,True
kazino7k-official.fun,True,False
freerollpass.com,True,False
www.sberbank.ru,True,True
vulkanclub-site.org,True,False
hd1.lordfilmi-0.online,True,None
synonyms.su,True,True
nege.kz,True,True
pokeronlinerus.biz,True,True
1xbet-wy11.top,True,False
www.fonbet.ru,True,True
rocketplay-new.com,True,True
chatruletka.com,True,True
casino-jozz-h.buzz,True,False
loterejaguru.com,True,True
bezdep2025.website,True,True
1xbet-wueo6.top,True,False
www.247roulette.org,True,True
i-igrushki.ru,True,True
pokerart.com,True,None
www.fxclub.org,True,True
gaminator.org.ru,True,True
chatroulette.club,True,True
chat.deepseek.com,True,False
alias-game.com,True,True
welcome.kz,True,True
stake1037.com,True,False
ok-ua.ru,True,True
ovkuse.ru,True,True
4atex.ru,True,True
bukmekerov.net,True,True
ruletka-rating.com,True,None
dvedoli.com,True,True
1xbet-bmk0.top,True,True
ahaslides.com,True,True
www.prokoni.ru,True,True
slotozal-club.net,True,False
1xbet-zukm.top,True,None
vseigru.net,True,True
www.softgamings.com,True,True
cazinomoneyzerkalo.ru,True,True
segadriwe.ru,True,True
solcasino1220.com,True,False
endnomer.ru,True,True
prognozmastera.ru,True,True
1xbet.kz,True,None
prezi.com,True,False
okg.kz,True,True
cari.kz,True,True
licenzionnye-cazinoplays.ru,True,True
1xbet-ggpn.top,True,True
plarium.com,True,True
kangenvoda.kz,True,True
wulkandemo.pw,True,None
volna.casino,True,None
mywheelspinner.com,True,True
slotstop.ru,True,True
ludobzor.com,True,True
www.yourski.ru,True,True
booi-casino-mtg.top,True,False
betting.bc.game,True,None
abai.kz,True,None
gama-casino-rtl.top,True,None
megashkola.com,True,True
pokerok.com,True,None
fotoprom.com,True,True
casinobonuses.store,True,True
riobet224.today,True,True
irwin353.casino,True,True
www.camgo.com,True,False
paradise3.casino,True,True
bountycasino.reisen,True,None
thewikihow.com,True,False
eshtenaturalnoe.ru,True,True
rucadcam.ru,True,None
www.gopoker.global,True,None
www.play-games.com,True,None
kz.casino.kz,True,True
1xbet-bqt7.top,True,True
fairspin-7.xyz,False,None
casinoarmada.vip,True,False
roulette-r-soft-llc.ru.aptoide.com,True,None
www.microsoft.com,True,False
line4bet.ru,True,True
chatki.com,True,False
nekto.me,True,True
cyclingforstars.com,True,True
drgns8.casino,True,False
www.wikihow.com,True,True
mossanekspert.ru,True,None
exbets.ru,True,True
bezdepozitnye-casino.ru,True,True
chatspin.com,True,False
booi-casino-ujk.top,True,False
casino.ru,True,True
888-yulduz.com,True,True
moresliv.cc,True,True
secure.mdr26.ru,True,True
ram32.ru,True,True
bonus-list.space,True,True
itc.ua,True,True
bestcasinomaster.site,True,False
kzkkslots3.space,True,True
stavkinasport.com,True,True
prognoznado.ru,True,True
online-bookmakers.com,True,True
1xebt.com,True,None
tostpost.com,True,True
betonmobile.by,True,True
olimpbet.kz,True,True
legalbet.by,True,True
onlineruletka.ru,True,False
vo-radio.ru,True,True
casino-ra.com,True,None
casinomentor.com,True,True
www.twitch.tv,True,False
2wpower.com,True,True
yapl.ru,True,True
vulkan24slots.net,True,None
chattits.ru,True,True
playfortunam4as37.com,True,False
gama-casino-tor.top,True,False
bitcoinvideocasino.com,True,None
gates-of-olympus.guru,True,True
megamoolahgame.com,True,True
sportandbets.com,True,True
dorama.ai,True,True
easy.vegas,True,True
dzodzo.ru,True,False
betlab.ru,True,True
kk.scienceforming.com,True,True
elling-primorec.ru,True,True
casinostops.kz,True,None
lordfilmj.life,True,None
stop-scam.net,True,True
maqat-tynysy.kz,True,True
www.linux.org.ru,True,True
slotsgame.su,True,True
bet-ting.ru,True,True
fckrasnodar.ru,True,True
ru.nztpoker.com,True,True
tomas.kz,True,True
vk.me,True,False
chat-de.com,True,True
omegleweb.com,True,True
slotozalcash.com,True,False
casino-vroyal.com,True,False
ru.randraw.com,True,True
jusan.kz,True,True
best-online-casinos.store,True,True
bilimland.com,True,True
top10-casino-ruj.top,True,None
coinsnews.com,True,True
www.euro-football.ru,True,True
bezdepvip1.com,True,True
newotzyv.ru,True,True
onx-casino.vip,True,False
www.casinoz7.biz,True,True
lk.ofd-ya.ru,True,True
www.securitylab.ru,True,True
casino-luck-life.xyz,False,None
u-f.ru,True,True
www.wildberries.ru,True,False
loveslides.com,True,True
www.unisender.com,True,True
strangercam.com,True,True
kz.kursiv.media,True,True
csgobroker.cc,True,True
twister-roulette.com,True,True
zanmedia.kz,True,True
pptmon.com,True,True
www.bitstarz.com,True,True
ustaz.kz,True,True
1lag.com,True,True
rucasino771.ru,True,True
vstars3.casino,True,False
altyn-orda.kz,True,True
game01.ru,True,True
1xslot.com,True,None
mob.org,True,True
bonus-betting.ru,True,True
mosavtoshkola.org,True,True
www.roulettestar.com,True,True
hd.lordfilm-24.pics,True,False
www.prodlenka.org,True,True
media.halvacard.ru,True,True
casino-yandex-money.cfd,True,False
casino-loft.kz,True,None
1xbet-skud.top,True,None
studopedia.org,True,True
www.cryptopolitan.com,True,False
www.similarweb.com,True,False
www.istockphoto.com,True,True
slotomirok.fun,True,True
knopka.kz,True,True
www.fanduel.com,True,False
slottica205.com,True,False
www.iggamecenter.com,True,True
www.fotosklad.ru,True,None
kz.casino-bid.com,True,None
vulkan-slots.casino,True,True
s1.piratehub.biz,True,True
tz.casvn.ru,True,None
arbworld.net,True,True
www.pravmir.ru,True,True
pokerdom2234.fun,True,True
university.poker,True,True
zavodoknacheb.ru,True,None
repo.kspi.kz,True,True
online-prognoz.ru,True,True
karasew.ru,True,True
ricktube.ru,True,True
playgames007.vulkanslots02.top,True,True
soundcloud.com,True,True
roulette-simulator.info,True,True
stavmatic.com,True,True
videouroki.net,True,True
bilimland.kz,True,True
prosv.ru,True,True
randomwheel.net,True,False
makeword.ru,True,True
bookmakerreview.uz,True,True
easybizzi39.ru,True,True
math.gsu.by,True,True
pozdravok.com,True,True
sng.sportplus.live,True,True
affgambler.ru,True,False
lichess.org,True,True
bonuskazino777.ru,True,True
kapper-ratings.ru,True,True
goldcazinologin.ru,True,True
7k452.casino,True,False
research.nis.edu.kz,True,None
promodj.com,True,True
www.analyticsinsight.net,True,True
kenwheeler.github.io,True,True
itchief.ru,True,False
randstuff.ru,True,True
playpager.com,True,True
roxcasino2989.com,True,False
vulkanonlineigrovye-co.top,True,True
hot.euromillions-lotto.ru,True,True
saqnews.kz,True,True
onlinepokerok.ru,True,True
77777games.com,True,True
wm-rabota.ru,True,True
seasonvar.ru,True,None
pokerdom0526.buzz,True,None
play.google.com,True,True
go2bet.vip,True,True
planningpokeronline.com,True,True
www.wsmcasino.com,True,False
casinosvyvodom.com,True,True
romanticcollection.ru,True,True
www.slotomania.com,True,None
igromax.ru,True,False
baq.kz,True,True
wheel-decide.com,True,True
ue5.ru,True,True
vc.ru,True,True
hello-rezka.tv,True,None
play.sloti-besplatno.xyz,True,False
www.google.com,True,True
fontan-casino.com,True,None
1xbet-b5wg.top,False,None
lektsii.org,True,True
generator-password.ru,True,True
maxslotsonline.net,True,False
olymp18.casino,True,True
sykaaa4.win,True,True
apps.microsoft.com,True,False
ust.kz,True,True
elektro-tovars.ru,True,True
uchebniy-center.ru,True,True
19.doramalive.news,False,None
1xbet-vxkd.top,False,None
m.ok.ru,True,True
obuchenie1c.ru,True,True
sport1xbet.com,True,None
vulkan24-casinosite.com,True,None
gmsdeluxe-online-games.com,True,False
totalrating.top,True,True
www.playwsop.com,True,None
sbceurasia.com,True,False
apparatoff43.top,True,True
chess-samara.ru,True,True
beepbeepcasino21.com,False,None
gwyj14x.life,True,True
rocketplay-game.com,True,True
kronshtadtsobor.xyz,True,True
pikabu.ru,True,True
kz.game-game.com,True,True
jetcasino323.com,True,False
tv7.kz,True,True
coj7pokerdom.com,True,None
kazislam.kz,True,True
ru.topchatsites.com,True,None
grimuar.ru,True,True
realkz.com,True,True
cazinoapk-2025.ru,True,True
saturn-electro.ru,True,True
booi-casino-nzk.buzz,True,False
balloon-game.com.kg,True,True
live-tennis.eu,True,False
happy9luck.com,True,True
atx16.online,True,True
uslugi.yandex.ru,True,True
chat-roulette.online,True,True
sinonim.org,True,True
flacmsu.net,True,True
furor-tkani.ru,True,True
lmusic.kz,True,True
ru.pinterest.com,True,True
www.gamedesire.com,True,True
www.vzamazke.com,True,None
coinranking.com,True,True
okulyk.com,True,True
1xbet-jpg.top,False,None
lastday.club,True,True
www.demoslot.com,True,None
www.playgreatpoker.com,True,False
slotozal-official.art,True,True
bestcoincasinos.com,True,None
www.primedope.com,True,True
coinmalex.com,True,True
54bezdepobonus.site,True,None
bitcoincasinorus.xyz,True,True
summercamp.ru,True,True
ohee.net,True,True
redeem.fcm.ea.com,True,True
aqtobegazeti.kz,True,True
ru.uefa.com,True,None
freyala.com,True,True
ru-pinco.com,True,False
sysadmins.ru,True,True
qaz.qyzyq.kz,True,True
gamma.app,True,False
guinness-records.me,True,True
gold-klubs.com,True,True
vulkan-platinum-site.net,True,False
escorenews.com,True,False
www.sravni.ru,True,True
pedsovet.org,True,True
sandiegomagazine.com,True,True
www.fonche.ru,True,True
chat-bot.ru,True,True
pozdravih.com,True,True
www.forebet.com,True,False
www.zzap.ru,True,True
www.bitcoinlister.com,True,True
1xbet-ts6m.top,False,None
xac.infosurfing.ru,True,None
ratings-casino-asd4.buzz,True,True
bobonus.me,False,None
starlight-princess-pachi.com,True,False
onlinekazino.fun,True,True
1xbet-mejt.top,True,True
1xbet-qwqd.top,True,None
camtify.com,True,True
sam-sebe-electric.ru,True,True
ile-tany.kz,True,True
big-money-kasino.xyz,True,True
remont-book.com,True,True
casinotopbonusi5.space,True,None
cazinomindep-rub.ru,True,True
weaponland.ru,True,True
www.casinobaltics.com,True,False
skifmusic.ru,True,True
prbet.ru,True,True
www.lebak.by,True,True
rt.pornhub.com,True,True
www.btccasinoguide.com,True,True
riobet-casino-win.ru,True,True
brillx76.gg,True,True
1xbet-smqw.top,True,True
ratings-casino-xza4.buzz,True,True
3tuz.top,True,True
student-servis.ru,True,True
cybershoke.net,True,False
samesound.ru,True,True
betting-rating.ru,True,True
empiresandpuzzles.ru,True,None
by.phd.edu.pl,True,None
real-free.ru,True,True
onlinecasinotop42.online,True,None
stake1035.com,True,None
gama-casino-whg.top,True,False
slottkazino.wiki,True,True
rushbet.ru,True,True
telegram.me,True,True
vega1.online,True,True
yourprize.site,True,True
1xbet.by,True,None
bitkoinkazino.com,True,None
ulov1.ru,True,True
riobet-qwq.ru,True,None
wikidkk.icu,True,True
minesweeperonline.com,True,True
xn--80aodi.themp3.info,True,True
casinority.com,True,False
aqparat.info,True,True
vulkan777igrovye-ki.buzz,True,True
forbesreleased.com,True,True
www.profguide.io,True,True
bropk.ru,True,True
www.gambler.ru,True,True
slovozavr.ru,True,True
1xbet-vum9.top,True,None
jackpot-slots-casino.xyz,True,True
booi-casino-dku.buzz,True,False
sbet.guru,True,True
stake1022.com,True,False
slotogram.com,True,True
zhasalash.kz,True,True
www.amigostone.ru,True,False
bcg-avtomaty.xyz,True,True
tgstat.com,True,True
www.temirbank.kz,True,True
www.omegle.fun,True,True
kzkkslots5.site,True,True
bonusovka.top,True,False
24598586.voov.kz,True,True
kk.moneyongame.site,True,False
primetime.fan-sport.tech,True,True
apkpure.tools,True,False
777slotgames.world,True,False
www.maam.ru,True,True
templeofgames.com,True,True
chatruletkaru.com,True,True
1xbet-cti.top,True,None
randomspinwheel.com,True,False
gid1x2.ru,True,True
nunt.ru,True,True
rebyatishka.ru,True,True
live.vkvideo.ru,True,True
slott-cazino.site,True,True
liktv.org,True,True
www.bitcoincasino.io,True,True
www.myjackpot.co.uk,True,None
slotozal-kazino.com,True,None
slotigrat.waw.pl,True,None
www.modsgame.ru,True,True
www.ektu.kz,True,True
27casinobonus-ru.site,True,True
slotmachinesonline1.xyz,True,None
overclockers.ru,True,True
profazu.ru,True,True
www.sanneprive.nl,True,True
nardycasino.site,True,None
vulkanigryavtomaty-nh3.buzz,True,True
pufaz.lechimrostov.ru,True,False
cyber.sports.ru,True,True
ru.essays.club,True,True
www.mosigra.ru,True,True
www.router-reset.com,True,True
recherchefreelance.com,True,True
vprognoze.ru,True,False
roxcasino585.com,True,False
freespinsru.com,True,None
rustube.cc,True,True
chitachok77.ru,True,True
kinogo.blue,True,True
videochatrf.com,True,True
inpoker.io,True,True
kk.eyewated.com,True,True
roulette77kz.com,True,False
appsfera.com,True,None
fotoloid.ru,True,True
leon-kz.bet,True,None
www.kp.ru,True,False
stake.ceo,True,None
www.whatusee.ru,True,True
kinogo.uk,True,None
present5.com,True,True
kzkkslots8.site,True,True
givemegame.ru,True,None
mail.kz,True,True
kazinorate.com,True,True
riobets-casino.biz,True,None
siss.ru,True,False
mostbet-wis.xyz,True,True
healthymanereviews.ru,True,False
bons36.com,True,False
lektsii.com,True,True
wordwall.net,True,True
lifebet.ru,True,True
unlim-casino.win,True,False
livegames.su,True,True
jackpot-partner.ru,True,True
bitcasinosrank.com,True,True
1xbet-pjr.top,True,None
vodds.net,True,True
www.toolify.ai,True,True
donkhunter.com,True,True
studopedia.ru,True,True
maxslotscasino-online.info,True,False
ratings-casino-lll3.buzz,False,None
bookmaker-ratings.by,True,True
nice-bets.ru,True,True
mm.anwap.today,True,True
hdrezka.in,True,None
wintomato.com,True,True
xn--80aba5e.xn--p1ai,True,True
1xbet-jqxd.top,False,None
repetitory.kz,True,True
cs2red.ru,True,True
betnews.by,True,True
www.tbank.ru,True,True
betnbet.ru,True,True
m.kolesa.kz,True,True
casinobitcointop.ru,True,False
www.ranker.com,True,True
minjust-sar.ru,True,True
armada-shop.kz,True,True
hd.kinopoisk.ru,True,False
rating-casino.best,True,True
evileg.com,True,True
lp9.ru,True,True
accm.kz,True,True
geektarget.ru,True,True
wiki2.org,True,True
urlebird.com,True,False
clubvulkan-official.xyz,True,False
www.alpha-ag.ru,True,True
www.docs.google.com,True,True
darul-kutub.com,True,True
aif.ru,True,True
www.pokerstarsinsochi.com,True,False
lex.casino,True,None
checksite.ru,True,True
forum.zakon.kz,True,False
slotozalcasino-online.org,True,False
betlay.ru,True,True
ru.beincrypto.com,True,True
ingush-empire.com,True,True
glavny.tv,True,True
slot-games.bar,True,True
vulkanplatinum.promo,True,None
media.mts.ru,True,False
45minut.biz,True,True
sportcast.online,True,True
vsetopcasino.com,True,True
sultangames.com,True,True
top100vk.com,True,True
mvpteam.org,True,True
1xbet-tmxl.top,True,True
1xbet-tvfu.top,True,True
ggsel.net,True,True
vulkanonline.club,True,False
top-bezdep.com,True,None
www.hltv.org,True,False
www.lotonews.ru,True,True
kz.winupgo.com,True,None
7k556.casino,True,False
www.bitkingz.com,True,True
www.gipsyteam.online,True,True
ratings-casino-sct8.buzz,True,False
gizbo-casino302.com,True,False
eduniko.ru,True,False
m.vsefm.com,True,True
rhyker.com,True,True
casino-levkz.kz,True,None
tmelectronics.ru,True,True
iqrovoj-avtomat.buzz,True,None
almaty.tv,True,True
cpa.club,True,True
dorama.page,True,True
1xbet-mg8.top,True,False
booijt8j83.com,True,None
lib-li.com,True,True
hislide.io,True,True
dzhekpot427.24online.buzz,True,True
betfriend.ru,True,True
chatroulette.com,True,True
pydocs.ru,True,True
www.pokernow.club,True,True
1000rubley-casino4.fun,True,True
cue.ru,True,True
1xbet-wjmt.top,True,None
poker.my.com,True,True
informburo.kz,True,True
chess.org,True,True
ctavka1.com,True,False
1xbet-pmqs.top,True,True
dirtyroulette.io,True,True
uzbekistan-bonusesfinder.com,True,False
bonusvcazino.ru,True,True
zelenyislon.livejournal.com,True,True
www.redrakegaming.com,True,True
avtomaty5000besplatno.top,True,True
cdek.shopping,True,True
ekaraganda.kz,True,True
myfin.by,True,True
flagman.casino,True,False
kk.quilt-patterns.com,True,True
zorinroman.ru,True,False
1xbet-android.org,True,None
www.marathonbet.ru,True,True
hd.lordfilm-0.club,True,None
igrovie-avtomaty-udachi.cyou,True,True
www.prima-inform.ru,True,True
dorama24.su,True,True
ru3.bongacams14.com,True,False
1xbet-qrm.top,True,False
slots-no-deposit.pw,True,True
www.instagram.com,True,None
bilimainasy.kz,True,True
checklive.com,True,True
1xbet-hbd.top,True,None
www.pokerist.com,True,True
vulcanelit.click,True,False
ru.wikipedia.org,True,True
pickup-cazino.site,True,False
smartscaner.com,True,True
kinogo-net.la,True,None
www.bitcoin.com,True,True
pickerwheel.com,True,True
1xbet-svbz.top,True,True
ice-profy.ru,True,True
betboompass.com,True,True
beee.pro,True,None
www.gamewoods.ru,True,True
smppoker.co,True,True
shyndyq.kz,True,True
www.nonstopbonus.com,True,False
top10rater.ru,True,True
1xbet-officb.top,True,None
chatroulette.to,True,True
bezdepster1.buzz,True,True
42bez-depov.buzz,True,False
cazzino4.fun,True,True
devochkino.ru,True,True
mirdruzhbazhvachkavsesezony.online,False,None
www.yell.ru,True,True
spare.chat,True,True
richclub46.sbs,True,None
music.apple.com,True,True
www.androidlist-russia.com,True,True
webtrafff.fun,True,True
android-station.ru,True,True
vimeo.com,True,True
kz.ecm.center,True,True
wiki-faces.com,True,True
freespinny.io,True,True
186slottica.com,True,True
kaziki-play.ru,True,True
akazino.com,True,True
www.ganjingworld.com,True,True
chatroulette.msk.ru,True,True
1xcasino-kazakhstan.com,True,True
znanio.ru,True,True
prognozist.ru,True,True
1xbet-zrvk.top,True,None
1xbet-egw.top,True,None
proza.ru,True,True
spincity777-casinos.com,True,True
systemlines.ru,True,True
cleanmat.ru,True,None
programmy-stavok.ru,True,True
sport.rambler.ru,True,True
kruti-koleso.ru,True,True
spinthewheel.io,True,True
www.olimp.bet,True,True
top-bonusi1.space,True,None
artistovator.ru,True,False
1xliteuz.com,True,None
www.livesport.ru,True,True
loot7.run,True,True
www.cryptonewsz.com,True,None
igroviavtomati.com,True,True
science.fandom.com,True,True
onlinecasinospace.com,True,True
casino-x-wzu.top,True,False
1xbet-wbh.top,True,True
stake.krd,True,None
videochatda.ru,True,True
jozz-casino-jrj.buzz,True,False
kinogo-films.biz,True,False
best423.slots-slot.top,True,True
onlinepokerigrat.com,True,True
bitcoincazino-cash.ru,True,True
bezzdepozitt2.fun,True,None
wirthclub.ru,True,True
bezdepcasino.com.ru,True,True
vringe.com,True,True
vulcancazinospin.ru,True,True
www.marathonbet.by,True,None
www.stripparadise.com,True,True
www.muftiyat.kz,True,True
mozgotvet.com,True,True
bezotkaza-cazinospins.ru,True,True
pop-music.ru,True,True
partystore.games,True,True
lider-sporta.ru,True,True
www.macys.com,True,False
grkbrsm.by,True,True
1xbet91.com,True,None
allwebgames.com,True,True
rrkt.ru,True,None
www.presentationgo.com,True,True
www.365scores.com,True,True
lotteryguru.com,True,True
www.ivi.ru,True,True
www.gotquestions.org,True,False
jozz-casino-tja.buzz,True,False
pokerhouse.ru,True,False
